哈尔滨,枫蓝国际 ,1室1厅,62.83平米,南,精装,32层,板楼,68万
哈尔滨,学苑嘉园 ,2室1厅,118.95平米,南 北,简装,中楼层(共25层),板塔结合,120万
哈尔滨,枫蓝国际 ,1室1厅,59.18平米,南 西,简装,33层,塔楼,53万
哈尔滨,康泰嘉园 ,3室1厅,169.5平米,南 北,精装,高楼层(共24层),板楼,135万
哈尔滨,滨江凤凰城 ,2室1厅,55平米,南,精装,中楼层(共8层),板楼,49万
哈尔滨,香坊大街 ,2室1厅,77平米,南,精装,中楼层(共8层),板塔结合,66万
哈尔滨,恒泰嘉园 ,2室1厅,89.31平米,南 东 西,简装,高楼层(共7层),板楼,19.8万
哈尔滨,枫蓝国际 ,2室1厅,114.43平米,南 北,精装,32层,板楼,130万
哈尔滨,红平小区 ,2室1厅,75平米,南 北,精装,低楼层(共8层),板楼,66.5万
哈尔滨,报达文化嘉园第一期 ,2室1厅,76.8平米,南 北,精装,低楼层(共7层),板楼,59.8万
哈尔滨,安定街 ,2室1厅,53.78平米,南 北,精装,中楼层(共7层),板楼,45.8万
哈尔滨,恒盛皇家花园 ,2室1厅,92.09平米,南,其他,高楼层(共32层),板楼,119.8万
哈尔滨,电务段家属楼 ,2室1厅,59.16平米,南 北,精装,中楼层(共7层),板楼,45.8万
哈尔滨,果园星城C区 ,2室1厅,69.57平米,南 北,精装,低楼层(共8层),板楼,61.7万
哈尔滨,漫步・巴黎 ,2室1厅,96.89平米,东南,精装,中楼层(共12层),板楼,120万
哈尔滨,哈西民主家园 ,3室1厅,85平米,南 北,其他,中楼层(共37层),板楼,72.6万
哈尔滨,天薇丽景园 ,2室1厅,86.58平米,南 北,简装,高楼层(共16层),板楼,87.5万
哈尔滨,天薇丽景园 ,2室1厅,92平米,西 南,简装,中楼层(共16层),板楼,89.8万
哈尔滨,天合俊景 ,2室1厅,58平米,南,精装,低楼层(共24层),板楼,55万
哈尔滨,恒盛豪庭 ,1室1厅,57.19平米,南,精装,中楼层(共30层),板楼,49.3万
哈尔滨,银泰城二期 ,2室1厅,88.22平米,南,其他,中楼层(共30层),板楼,90万
哈尔滨,安埠小区北区 ,2室1厅,49.07平米,西,精装,中楼层(共7层),板楼,38.8万
哈尔滨,六顺街 ,2室1厅,72.03平米,南 北,简装,中楼层(共7层),板塔结合,43.8万
哈尔滨,公园丽景(南岗区) ,3室1厅,185.39平米,南 北,精装,中楼层(共27层),板楼,246万
哈尔滨,三辅小区(菜艺街) ,2室1厅,126.08平米,南 北,精装,中楼层(共7层),板楼,97.8万
哈尔滨,三辅三道街27号 ,3室2厅,139.37平米,南 北,精装,中楼层(共7层),板楼,115万
哈尔滨,万科招商二期 ,3室1厅,138.55平米,南 北,精装,中楼层(共18层),板楼,125万
哈尔滨,泰海花园小区 ,2室1厅,61.67平米,东 西,简装,中楼层(共7层),板楼,72万
哈尔滨,北兴教育园B区 ,2室1厅,95平米,东 西,精装,高楼层(共16层),板楼,86万
哈尔滨,福顺尚都 ,3室2厅,161.84平米,南 北,精装,23层,板楼,170万
哈尔滨,红旗小区（淮河路） ,2室2厅,107.92平米,南 北,精装,高楼层(共8层),板塔结合,42.9万
哈尔滨,三辅三道街27号 ,3室2厅,138平米,南 北,简装,中楼层(共7层),板楼,89.8万
哈尔滨,中海・紫御观邸 ,3室2厅,136.96平米,南 北,毛坯,中楼层(共5层),板楼,225万
哈尔滨,保利颐和家园 ,2室2厅,101.18平米,东 西,精装,中楼层(共7层),板楼,88万
哈尔滨,安埠小区南区 ,3室1厅,80.45平米,南 北,简装,中楼层(共8层),板楼,67.8万
哈尔滨,万达华园 ,3室2厅,136.77平米,南 北,精装,高楼层(共49层),板楼,129.8万
哈尔滨,中山名苑 ,2室1厅,96.45平米,西北,简装,中楼层(共25层),板楼,90万
哈尔滨,欧洲新城 ,3室2厅,167.68平米,南 北,简装,高楼层(共27层),板塔结合,138万
哈尔滨,四史街 ,2室1厅,98.42平米,南 北,简装,中楼层(共7层),板楼,69.8万
哈尔滨,河政花园（公务员小区） ,2室2厅,93.46平米,南 北,精装,中楼层(共7层),板楼,87万
哈尔滨,南十二道街 ,2室1厅,69.2平米,东 西,简装,中楼层(共7层),暂无数据,45万
哈尔滨,美丽洋房小区 ,3室2厅,186.15平米,南 北,精装,低楼层(共4层),板楼,189万
哈尔滨,海富漫香林 ,3室2厅,125.89平米,东 西,精装,高楼层(共18层),板楼,79.8万
哈尔滨,香树湾 ,3室1厅,101.27平米,东 南 北,精装,低楼层(共12层),板楼,75万
哈尔滨,师大嘉园 ,1室1厅,55.47平米,南,精装,低楼层(共7层),板楼,45.8万
哈尔滨,东方哥德堡 ,2室1厅,98.01平米,南 北,简装,中楼层(共7层),板楼,49万
哈尔滨,江城之珠 ,2室1厅,104.32平米,南 北,简装,中楼层(共28层),板楼,139万
哈尔滨,香中小区 ,2室1厅,134.38平米,西南,精装,高楼层(共7层),板楼,68.8万
哈尔滨,上和城 ,2室1厅,120.93平米,南 北,其他,中楼层(共18层),板楼,115万
哈尔滨,健康馨苑 ,2室1厅,120.04平米,东 西 北,其他,中楼层(共27层),板塔结合,92万
哈尔滨,立汇美罗湾 ,2室2厅,79.8平米,东 南,简装,高楼层(共7层),板楼,51万
哈尔滨,珑瑞小区 ,3室1厅,84.38平米,南 北,简装,低楼层(共7层),板楼,67.5万
哈尔滨,海吉雅・乐都 ,3室1厅,128平米,南 北,精装,高楼层(共30层),板楼,83万
哈尔滨,东辉明珠园 ,3室2厅,120平米,南 北,简装,高楼层(共17层),板楼,155万
哈尔滨,中海・雍景熙岸 ,3室2厅,105.47平米,南 北,精装,34层,板楼,158万
哈尔滨,绿园小区 ,2室1厅,99.93平米,南 北,精装,中楼层(共7层),板楼,96.5万
哈尔滨,万达・秀园 ,3室1厅,137.38平米,南 北,精装,低楼层(共29层),板塔结合,120万
哈尔滨,保利观澜 ,3室2厅,125.92平米,南 北,精装,中楼层(共32层),板楼,107万
哈尔滨,丽景花园 ,2室2厅,130.49平米,南 北,毛坯,高楼层(共17层),板楼,65万
哈尔滨,世财滨江音乐花园 ,3室2厅,174.61平米,南 北,精装,低楼层(共19层),板楼,129万
长春,力旺美林 ,2室2厅,84.87平米,南 北,精装,中楼层(共17层),板楼,78万
长春,通用机械厂 ,4室2厅,194.59平米,南 北,简装,高楼层(共7层),板楼,95万
长春,澳海梦想城 ,2室1厅,83.53平米,南 北,精装,高楼层(共30层),板楼,63.5万
长春,新竹路北四胡同189号 ,2室1厅,54.6平米,南 北,简装,中楼层(共5层),暂无数据,41万
长春,北海新居 ,3室2厅,150.61平米,南 北,精装,中楼层(共6层),板楼,139万
长春,清A苑 ,3室2厅,120.22平米,南 北,简装,中楼层(共11层),板楼,92万
长春,一汽54A2街区 ,2室2厅,106.74平米,南 北,简装,中楼层(共6层),板楼,71万
长春,华润橡树湾2.1期 ,2室2厅,93平米,南 北,精装,低楼层(共26层),板楼,92万
长春,万龙丽水湾 ,3室2厅,133.94平米,南 北,精装,低楼层(共18层),板楼,117万
长春,澳海澜庭 ,3室1厅,98.32平米,南 北,简装,低楼层(共6层),板楼,88万
长春,大禹威尼斯花园西院 ,3室1厅,98.48平米,南 北,简装,中楼层(共7层),塔楼,99万
长春,伟业星城 ,3室2厅,167.45平米,南 北,精装,高楼层(共6层),板楼,147万
长春,恒大名都 ,3室2厅,113.68平米,南 北,精装,中楼层(共33层),板楼,76万
长春,中海紫御华府 ,3室1厅,238.86平米,南 北,精装,中楼层(共19层),板楼,360万
长春,恒盛豪庭 ,3室2厅,172.61平米,南 北,毛坯,高楼层(共33层),板楼,95.5万
长春,亚泰花园杏花苑 ,3室2厅,140.38平米,南 北,简装,低楼层(共12层),板楼,105万
长春,锦城苑 ,2室2厅,101.54平米,西南 北,精装,高楼层(共22层),板塔结合,69万
长春,万科新都会 ,3室2厅,141.04平米,南 北,精装,中楼层(共4层),板楼,224.5万
长春,车城名仕花园西区 ,3室2厅,140平米,南 北,精装,低楼层(共11层),板楼,120万
长春,远创紫樾台 ,2室1厅,87.38平米,南 北,精装,中楼层(共7层),板楼,100万
长春,万科金域长春 ,3室2厅,96.2平米,南 北,精装,高楼层(共18层),板楼,105万
长春,红旗嘉园 ,2室1厅,83.74平米,南 北,简装,低楼层(共6层),板楼,71万
长春,新嘉坡城 ,3室1厅,132平米,南 北,简装,高楼层(共7层),板楼,85万
长春,万科城市之光 ,4室2厅,196.39平米,南 北,精装,高楼层(共6层),板楼,357万
长春,长春光机所第一小区 ,2室2厅,92.98平米,南 北,精装,低楼层(共6层),塔楼,125万
长春,邮政小区(绿园区) ,2室1厅,71.26平米,南 北,简装,低楼层(共7层),板塔结合,62.5万
长春,通化路小区 ,1室1厅,35平米,南,精装,中楼层(共8层),板楼,30万
长春,新发翡翠花溪 ,2室2厅,99.42平米,南 北,精装,低楼层(共18层),板楼,120万
长春,盈家瑞景花园 ,1室1厅,34.53平米,北,精装,高楼层(共6层),板楼,16.8万
长春,虹馆 ,2室1厅,96.96平米,南 北,精装,中楼层(共15层),板楼,124万
长春,天茂城中央B区 ,2室1厅,92.08平米,东 西,精装,高楼层(共16层),塔楼,67.5万
长春,万晟幸福里 ,2室1厅,71.01平米,南,精装,高楼层(共18层),板楼,66万
长春,安华美郡 ,3室2厅,141.4平米,南 北,精装,中楼层(共11层),塔楼,129万
长春,国信御湖公馆 ,3室2厅,134.87平米,南 北,精装,高楼层(共17层),塔楼,182万
长春,多恩海棠湾 ,2室1厅,65.18平米,南,精装,高楼层(共17层),板楼,49.9万
长春,万通B区 ,3室1厅,67.24平米,南 北,精装,中楼层(共7层),塔楼,56万
长春,吴中北国之春A区 ,3室2厅,88.66平米,南 北,精装,低楼层(共18层),板楼,67万
长春,御景名都B区 ,2室2厅,78.25平米,南 北,精装,中楼层(共28层),板楼,72.5万
长春,绿地长春上海城B区 ,2室2厅,88平米,南 北,精装,高楼层(共6层),板楼,65万
长春,兽大家属楼 ,3室2厅,127.81平米,南 北,精装,高楼层(共7层),板楼,73万
长春,恒盛豪庭 ,3室2厅,164.31平米,南,其他,中楼层(共33层),板楼,105万
长春,隆都世界湾 ,3室2厅,122平米,南 北,毛坯,低楼层(共8层),板楼,87万
长春,奥体玉园 ,3室1厅,133.8平米,南 北,毛坯,中楼层(共4层),板楼,99万
长春,蓉桥一号B区 ,3室1厅,110平米,南 北,简装,低楼层(共34层),板楼,65万
长春,纺织家园西区 ,3室2厅,84.93平米,南 北,精装,高楼层(共7层),板楼,53.9万
长春,中国铁建花语城 ,3室2厅,132.59平米,南 北,毛坯,低楼层(共18层),板楼,153万
长春,北奇星河湾 ,3室2厅,173.5平米,南 北,精装,高楼层(共11层),板楼,103万
长春,新隆小区 ,2室1厅,70.95平米,南 北,简装,低楼层(共7层),板楼,55万
长春,吉森漫桦林二期 ,3室2厅,102.76平米,南 北,毛坯,高楼层(共14层),板楼,102万
长春,怡通家园 ,2室2厅,105平米,南 北,精装,高楼层(共16层),塔楼,125万
长春,亚泰花园桃花苑 ,3室0厅,88.58平米,南 东北 北,精装,中楼层(共24层),板楼,71.9万
长春,吉大菲尔瑞特 ,2室1厅,84.36平米,南 北,精装,低楼层(共14层),板楼,79.8万
长春,亚泰梧桐公馆 ,3室1厅,97.67平米,南 北,精装,中楼层(共18层),板楼,108万
长春,万龙名城 ,2室1厅,74.41平米,南,简装,高楼层(共27层),塔楼,78万
长春,中海盛世城玉笙府 ,3室2厅,99平米,南 北,精装,中楼层(共8层),暂无数据,99万
长春,挪威小镇二期 ,2室2厅,75平米,南 北,精装,高楼层(共34层),板楼,65万
长春,吴中家天下一期 ,3室2厅,106平米,南 北,简装,低楼层(共17层),板楼,80万
长春,吉盛小区三期 ,2室1厅,60平米,南 北,精装,中楼层(共7层),板塔结合,58万
长春,蓉桥一号B区 ,3室2厅,108平米,南 北,精装,中楼层(共34层),板楼,82万
长春,西安花园三期 ,3室1厅,87.05平米,南 西 北,简装,中楼层(共18层),板楼,62万
沈阳,国奥现代城 ,2室2厅,100.1平米,南 北,其他,中楼层(共6层),2009年建_板楼,75万
沈阳,香槟橙郡 ,2室1厅,71.86平米,南 北,精装,中楼层(共13层),2018年建_板楼,73.8万
沈阳,融城时代 ,3室2厅,166.59平米,南 北,精装,高楼层(共11层),2006年建_板楼,110万
沈阳,建院社区 ,3室2厅,142.13平米,南 北,精装,中楼层(共29层),2013年建_板楼,220万
沈阳,金钱松小区 ,3室2厅,110.58平米,南 北,精装,中楼层(共7层),板楼,55.3万
沈阳,万科城三期 ,3室1厅,113.6平米,西南 北,精装,中楼层(共31层),2006年建_板塔结合,145万
沈阳,万科城二期 ,3室2厅,163.53平米,南,精装,高楼层(共26层),2006年建_板塔结合,225万
沈阳,旭辉东樾城 ,3室1厅,83.94平米,南 北,毛坯,低楼层(共28层),2019年建_板楼,79.8万
沈阳,中海城蓝堡 ,2室1厅,85.34平米,南 西,精装,高楼层(共33层),2012年建_板楼,65.8万
沈阳,绿城全运村玉兰花园 ,3室2厅,110.78平米,南 北,精装,中楼层(共15层),2014年建_板楼,115万
沈阳,维士法兰香颂 ,2室2厅,86.58平米,南 北,精装,低楼层(共20层),2017年建_板楼,111万
沈阳,碧桂园银河城依云 ,3室1厅,116.35平米,南 北,精装,高楼层(共30层),板楼,105万
沈阳,南十中路 ,2室1厅,57.77平米,南 北,精装,低楼层(共7层),板楼,49.8万
沈阳,浑南生态园 ,2室2厅,96.49平米,北 南,其他,中楼层(共7层),2005年建_板楼,58万
沈阳,藏珑白塔湾里 ,3室1厅,125.67平米,南 北,毛坯,中楼层(共11层),2016年建_板楼,110万
沈阳,新加坡城一期三期 ,2室1厅,90.43平米,南 北,精装,低楼层(共32层),2012年建_板楼,119万
沈阳,中海和平之门四期上和府 ,2室2厅,83.1平米,南 北,精装,中楼层(共33层),2019年建_板楼,160万
沈阳,河畔新城四期 ,3室2厅,143.12平米,南 北,简装,高楼层(共9层),2010年建_板楼,140万
沈阳,中粮隆悦祥云 ,3室2厅,123.91平米,南 北,毛坯,中楼层(共8层),2022年建_板楼,147万
沈阳,格林生活坊二期 ,3室2厅,130.72平米,西南 北,精装,中楼层(共21层),2008年建_板楼,170万
沈阳,辽大高职院家属区 ,4室2厅,135.58平米,东 西,精装,高楼层(共7层),板楼,94.8万
沈阳,新加坡城一期三期 ,3室1厅,159.36平米,南 北,简装,低楼层(共6层),2012年建_板楼,290万
沈阳,郡源小石城（望庄） ,4室2厅,112.67平米,南 北,精装,高楼层(共5层),2018年建_板楼,145万
沈阳,沈阳星河湾 ,4室2厅,313.28平米,南 北,精装,中楼层(共27层),2018年建_板楼,520万
沈阳,万科西华府 ,3室2厅,115.14平米,南 北,精装,中楼层(共33层),2019年建_板楼,141万
沈阳,三盛颐景御园 ,3室2厅,116.01平米,南 北,精装,低楼层(共32层),板楼,70万
沈阳,郡原小石城二期E区 ,3室1厅,85.29平米,南 北,精装,高楼层(共33层),2018年建_板楼,65.9万
沈阳,苹果社区 ,3室2厅,110.75平米,南 北,精装,低楼层(共33层),板楼,65万
沈阳,月星中央公园 ,2室1厅,83.34平米,南 北,精装,中楼层(共33层),2018年建_板塔结合,93万
沈阳,万科紫台 ,2室1厅,90.48平米,南 北,精装,高楼层(共23层),板楼,105万
沈阳,水调歌城Ｅ区 ,4室3厅,109.25平米,南 北,精装,低楼层(共9层),板楼,135万
沈阳,远洋仰山 ,3室1厅,125.88平米,南 北,毛坯,中楼层(共6层),2020年建_板楼,123万
沈阳,承翰花样郡 ,2室1厅,78.95平米,南 西南,精装,中楼层(共17层),板楼,57.9万
沈阳,华润翡翠城 ,3室2厅,100.78平米,南 北,精装,高楼层(共27层),2018年建_板楼,120万
沈阳,华府丹郡 ,2室1厅,63.53平米,南,精装,低楼层(共32层),2015年建_板楼,46万
沈阳,恒大江湾一二期 ,3室1厅,114.2平米,南 北,简装,低楼层(共24层),2013年建_板楼,70万
沈阳,信达万科城 ,3室1厅,121.23平米,南 北,精装,高楼层(共30层),2019年建_板楼,126万
沈阳,辽大高职院家属区 ,2室1厅,108.91平米,南 北,精装,中楼层(共6层),2000年建_板楼,126万
沈阳,恒大名都一期 ,2室2厅,86.45平米,东南,精装,高楼层(共32层),2012年建_板楼,61.5万
沈阳,中海和平之门四期上和府 ,2室2厅,83.97平米,南 北,精装,高楼层(共33层),板楼,143万
沈阳,华府丹郡 ,3室2厅,90.78平米,南 北,精装,低楼层(共18层),2018年建_板楼,62万
沈阳,依云北郡F区 ,2室1厅,75.76平米,南,其他,低楼层(共22层),2009年建_板楼,51万
沈阳,世众家园 ,3室2厅,126.02平米,南 北,其他,低楼层(共22层),板楼,87.5万
沈阳,首创国际城 ,2室2厅,96.27平米,南 北,其他,低楼层(共34层),2010年建_板楼,103万
沈阳,居易・新青年 ,2室1厅,88.49平米,东 南 北,简装,中楼层(共22层),2016年建_板楼,69.9万
沈阳,雅居乐花园D地块 ,4室2厅,129.87平米,南 北,毛坯,低楼层(共7层),板楼,140万
沈阳,克莱斯特国际花园 ,3室1厅,160.56平米,南 西 北,精装,低楼层(共30层),2011年建_板楼,139.5万
沈阳,长青小区 ,2室2厅,177.75平米,南 北,简装,高楼层(共7层),2009年建_板楼,65万
沈阳,南九中路3 ,2室1厅,107.6平米,西,简装,中楼层(共6层),1995年建_板楼,42万
沈阳,万科惠斯勒小镇 ,4室2厅,170.95平米,南 北,精装,4层,板塔结合_联排别墅,182万
沈阳,中海和平之门天际 ,3室2厅,125.06平米,南 北,精装,高楼层(共33层),2022年建_板楼,254万
沈阳,河畔新城一期 ,4室2厅,221.76平米,南 北,简装,高楼层(共5层),2005年建_板楼,158万
沈阳,亿达玖墅 ,5室3厅,287.37平米,南 北,毛坯,2层,2011年建_板楼_联排别墅,200万
沈阳,半岛公馆 ,4室4厅,323.61平米,南 北,精装,高楼层(共18层),2015年建_板楼,480万
沈阳,恒大名都二期 ,4室2厅,169.12平米,南 北,精装,中楼层(共33层),2012年建_板楼,90.5万
沈阳,中央大学城 ,3室1厅,165.02平米,南,简装,高楼层(共6层),板楼,75万
沈阳,河畔新城五期 ,3室2厅,133.53平米,南 北,精装,中楼层(共16层),2007年建_板楼,113万
沈阳,恒大名都二期 ,4室1厅,172.69平米,南 北,精装,低楼层(共33层),2012年建_板楼,89.9万
沈阳,龙湖滟澜山 ,5室2厅,311.48平米,南 北,精装,3层,2014年建_板楼_联排别墅,255万
沈阳,富力国际别墅 ,6室1厅,252.34平米,南 北,精装,3层,2010年建_板楼_联排别墅,225万
南京,时光辉 ,3室2厅,113.54平米,南 北,简装,高楼层(共18层),板楼,420万
南京,金沙雅苑 ,3室2厅,102.52平米,南,简装,低楼层(共11层),板塔结合,580万
南京,东南花苑 ,2室2厅,102.94平米,南 北,简装,中楼层(共6层),板楼,350万
南京,东井一村 ,2室1厅,60.58平米,南 北,简装,中楼层(共6层),板塔结合,155万
南京,荣昌花园 ,2室2厅,108.23平米,南,精装,高楼层(共6层),板塔结合,83万
南京,紫薇花园 ,3室2厅,139.11平米,南 北,精装,高楼层(共7层),板楼,238万
南京,东郊小镇第四街区 ,5室1厅,129.84平米,南,精装,高楼层(共6层),板楼,195万
南京,天景山公寓春秀苑 ,3室2厅,92.32平米,南 北,精装,中楼层(共7层),板楼,175万
南京,金轮大厦 ,3室1厅,153.4平米,东南,毛坯,低楼层(共31层),板楼,353万
南京,春江新城沁顺坊 ,3室2厅,97.14平米,南,精装,低楼层(共6层),板楼,246万
南京,朗诗青春街区 ,3室1厅,81.63平米,南,其他,中楼层(共5层),板楼,103万
南京,金达花园 ,2室2厅,78.13平米,南 北,简装,高楼层(共28层),板塔结合,155万
南京,万科城梧桐苑 ,3室1厅,91.63平米,南,其他,高楼层(共27层),塔楼,114万
南京,朗诗青春街区 ,3室2厅,88.28平米,东 南,其他,中楼层(共11层),板楼,129万
南京,威尼斯水城第十六街区 ,3室2厅,109.53平米,南,毛坯,中楼层(共33层),板楼,185万
南京,弘阳旭日上城二区 ,3室2厅,94.65平米,南,毛坯,高楼层(共27层),板塔结合,208万
南京,万达华府东苑 ,3室2厅,123.38平米,南 北,其他,中楼层(共9层),板楼,685万
南京,南方花园A组团 ,2室1厅,56.81平米,西 北,精装,高楼层(共14层),板楼,160万
南京,亚东观云国际 ,3室1厅,104.47平米,南 北,其他,中楼层(共28层),塔楼,450万
南京,同曦艺术家园 ,5室1厅,189.25平米,南 北,其他,高楼层(共16层),塔楼,515万
南京,双乐园小区 ,2室1厅,50.35平米,南 北,简装,高楼层(共7层),板楼,139万
南京,银河湾福苑 ,3室1厅,99.1平米,南 北,精装,中楼层(共11层),板楼,538.8万
南京,新城花漾紫郡 ,3室2厅,95.45平米,南,毛坯,高楼层(共18层),板楼,207万
南京,长盛东苑 ,3室1厅,87.05平米,南,简装,中楼层(共34层),板楼,170万
南京,万裕龙庭水岸 ,3室1厅,101.17平米,南 北,简装,低楼层(共20层),板塔结合,215万
南京,弘阳旭日上城二区 ,3室1厅,130.47平米,南 北,简装,中楼层(共34层),板楼,305万
南京,王府园小区 ,3室1厅,55.16平米,南 北,毛坯,中楼层(共7层),板楼,281万
南京,大悲巷 ,3室1厅,72.51平米,南,简装,中楼层(共5层),板楼,228万
南京,牯岭路 ,3室1厅,82.67平米,南,简装,中楼层(共4层),暂无数据,480万
南京,海润枫景家园 ,3室2厅,96.58平米,南,精装,中楼层(共11层),板楼,150万
南京,花港幸福城芙蓉园 ,2室1厅,68.16平米,南,精装,中楼层(共18层),板塔结合,125万
南京,华润悦府 ,5室1厅,239.88平米,南 北,精装,中楼层(共32层),板塔结合,1570万
南京,威尼斯水城第十街区 ,4室2厅,88.27平米,南,精装,中楼层(共6层),板楼,238万
南京,天地新城天琴座 ,3室2厅,160.26平米,南 北,精装,高楼层(共6层),板塔结合,275万
南京,西苑 ,3室2厅,90平米,南 北,精装,低楼层(共6层),板楼,195万
南京,五矿崇文金城 ,3室2厅,92.36平米,南 北,精装,中楼层(共33层),板楼,495万
南京,丰富路 ,2室1厅,52.35平米,南 北,精装,高楼层(共7层),板楼,161万
南京,汇贤居 ,3室2厅,115.48平米,南,简装,中楼层(共11层),板楼,609万
南京,金地浅山艺境 ,3室1厅,87.93平米,南,精装,高楼层(共6层),板楼,265万
南京,雅居乐花园 ,3室1厅,72.87平米,北,简装,中楼层(共11层),板塔结合,255万
南京,新城香溢紫郡 ,3室2厅,95.56平米,南,精装,高楼层(共18层),板塔结合,191万
南京,金地明悦 ,4室2厅,116.58平米,南 北,简装,高楼层(共27层),板楼,285万
南京,融创臻园 ,3室2厅,87.35平米,南,毛坯,低楼层(共11层),板楼,224万
南京,万科九都荟 ,3室2厅,115.01平米,南 北,精装,中楼层(共18层),板塔结合,585万
南京,翠屏诚园 ,3室2厅,95.52平米,南 北,精装,低楼层(共15层),板楼,290万
南京,新金贸花园 ,3室2厅,98.95平米,南 北,简装,低楼层(共7层),板楼,430万
南京,江南青年城惠山苑 ,3室2厅,116.27平米,南 北,精装,中楼层(共6层),板楼,229万
南京,长营村 ,2室1厅,59.65平米,南,简装,中楼层(共7层),板塔结合,140万
南京,翠屏城 ,3室1厅,94.1平米,南,毛坯,低楼层(共26层),板塔结合,90万
南京,紫萝苑 ,3室1厅,78.34平米,南 北,精装,中楼层(共7层),板楼,229.8万
南京,摄山星城听竹苑 ,3室2厅,85.32平米,南,精装,高楼层(共6层),板塔结合,113万
南京,电建吃酶 ,3室1厅,88.23平米,西南,毛坯,低楼层(共9层),板楼,226万
南京,五塘新村 ,3室1厅,53.01平米,南,简装,高楼层(共7层),板塔结合,115万
南京,世茂梦享家 ,3室2厅,88.09平米,南 北,精装,低楼层(共11层),板楼,225万
南京,金陵新三村 ,1室1厅,40.17平米,南 北,简装,中楼层(共6层),板楼,93万
南京,堂子街 ,2室1厅,69.78平米,东南,简装,中楼层(共8层),板塔结合,160万
南京,明发城市广场 ,2室1厅,86.42平米,南,其他,低楼层(共18层),板楼,189万
南京,小杨村小区 ,2室1厅,56.09平米,东 南 北,精装,低楼层(共6层),板楼,248万
南京,威尼斯水城第三街区 ,3室2厅,120.1平米,南,其他,低楼层(共16层),板楼,230万
南京,华瑰园 ,3室2厅,88.42平米,南 北,其他,低楼层(共6层),板楼,750万
济南,黄金时代 ,4室2厅,153.4平米,南 北,毛坯,中楼层(共5层),2004年建_板楼,270万
济南,梦世界华园 ,4室1厅,143.95平米,南 北,精装,18层,2017年建_板楼,215万
济南,济南万科城 ,3室2厅,109.19平米,南 北,精装,低楼层(共34层),2017年建_板楼,238万
济南,绿地国际花都 ,2室2厅,85.64平米,南,毛坯,低楼层(共29层),2012年建_板楼,78万
济南,水天福苑 ,3室2厅,139.42平米,南 北,精装,中楼层(共11层),板楼,172万
济南,鑫苑世家公馆B4地块 ,4室2厅,111.61平米,南,精装,中楼层(共33层),2018年建_板楼,181万
济南,绿地国际花都 ,3室2厅,108.52平米,南,精装,中楼层(共33层),2012年建_板楼,130万
济南,荣祥花园 ,3室2厅,140.35平米,南,精装,中楼层(共17层),2006年建_塔楼,136万
济南,凯旋公馆 ,3室2厅,125.87平米,南 北,精装,高楼层(共30层),2015年建_板楼,252万
济南,绿地城 ,3室2厅,134.56平米,南 北,精装,高楼层(共11层),板楼,203万
济南,西苑翠景园 ,2室1厅,73.65平米,南 北,简装,低楼层(共6层),2000年建_板楼,83万
济南,福景佳苑一期 ,3室1厅,149.55平米,南 北,毛坯,低楼层(共11层),板楼,269万
济南,绿地隆悦公馆 ,3室2厅,132.87平米,南 北,毛坯,低楼层(共18层),2016年建_板楼,278万
济南,路劲东城 ,3室2厅,109.23平米,南 北,精装,中楼层(共34层),2016年建_板楼,177万
济南,金科城 ,3室1厅,102.75平米,南,精装,高楼层(共33层),2017年建_板楼,127万
济南,凯旋新城东区 ,2室2厅,99.15平米,南 北,简装,低楼层(共6层),2013年建_板楼,195万
济南,融汇城玫瑰公馆 ,3室2厅,121.94平米,南 北,精装,中楼层(共31层),2018年建_板楼,137万
济南,旭辉银盛泰金域蓝山 ,3室2厅,136.2平米,南 北,精装,中楼层(共18层),2017年建_板楼,296万
济南,邮电新村 ,3室1厅,83.63平米,南 北,精装,高楼层(共5层),1988年建_板楼,234万
济南,泉城花园 ,2室1厅,94.24平米,南 北,简装,高楼层(共12层),2008年建_板楼,115万
济南,三庆汇德公馆 ,3室2厅,95.61平米,南 北,精装,中楼层(共26层),2016年建_板楼,176万
济南,西苑翠景园 ,2室2厅,72.65平米,南,简装,低楼层(共7层),2000年建_板楼,80万
济南,海信慧园一区 ,2室1厅,90.22平米,南 北,精装,中楼层(共29层),2014年建_板楼,167万
济南,将军花园 ,2室1厅,61.28平米,南 北,精装,中楼层(共8层),板楼,77万
济南,金科城 ,3室2厅,103.82平米,南,精装,中楼层(共26层),2017年建_板楼,134.5万
济南,融汇城 ,3室2厅,97.14平米,南,简装,高楼层(共33层),2017年建_板楼,101万
济南,锦绣泉城 ,4室2厅,87.42平米,南,精装,低楼层(共13层),2008年建_板楼,178.8万
济南,鲁能领秀城中央公园 ,2室1厅,101.61平米,南 北,精装,低楼层(共28层),2012年建_板楼,275万
济南,中新国际城 ,3室2厅,93.57平米,南 北,简装,低楼层(共22层),板楼,140万
济南,海信贤文世家 ,3室2厅,126.23平米,南 北,毛坯,中楼层(共29层),板楼,300万
济南,永大颐和园 ,3室2厅,94.13平米,南,精装,18层,2014年建_板楼,115万
济南,师东小区 ,2室2厅,87.54平米,南 北,简装,中楼层(共6层),1995年建_板楼,173万
济南,鑫苑国际城市花园 ,3室1厅,95.44平米,南 北,简装,低楼层(共18层),2009年建_板楼,153万
济南,祥泰新河湾 ,3室2厅,96.73平米,南 北,精装,低楼层(共11层),2015年建_板楼,192万
济南,龙湖春江郦城东区 ,3室1厅,94.46平米,南 北,精装,低楼层(共25层),2017年建_板楼,147万
济南,文华园 ,2室2厅,115.86平米,南 北,简装,高楼层(共24层),2010年建_板楼,320万
济南,鲁能泰山7号 ,3室1厅,95.46平米,南 北,精装,低楼层(共31层),2018年建_板楼,148万
济南,海信九麓府 ,3室2厅,131.56平米,南,其他,高楼层(共33层),板楼,132万
济南,万科新里程 ,3室2厅,93.05平米,南 西 北,精装,高楼层(共18层),板楼,153万
济南,阳光100国际新城G区 ,2室2厅,115.76平米,南 北,精装,高楼层(共18层),2008年建_板楼,160万
济南,鲁能领秀城东一区 ,3室1厅,100.64平米,南,简装,高楼层(共32层),2016年建_板楼,265万
济南,东青龙街住宅 ,2室1厅,50.03平米,南,其他,低楼层(共6层),1998年建_板楼,133万
济南,鑫苑国际城市花园 ,2室1厅,78.75平米,南 北,简装,中楼层(共9层),2009年建_板楼,136万
济南,南辛庄东路 ,3室1厅,59.98平米,南 北,精装,低楼层(共5层),1990年建_板楼,81万
济南,名辉豪庭 ,2室1厅,80.88平米,南 北,简装,中楼层(共22层),板楼,115万
济南,中海华山珑城 ,2室2厅,96.07平米,南,精装,高楼层(共27层),2016年建_板楼,122万
济南,龙湖水晶郦城 ,3室2厅,115.44平米,南 北,简装,低楼层(共13层),2017年建_板楼,192万
济南,兴业嘉苑新天地 ,2室2厅,101.87平米,南 北,精装,高楼层(共12层),2003年建_板楼,138万
济南,名士豪庭1区 ,3室2厅,135.38平米,南 北,精装,25层,2011年建_板楼,360万
济南,海尔云世界滟澜公馆花园三区 ,2室2厅,84.71平米,南 北,精装,低楼层(共32层),板楼,121万
济南,阳光100国际新城G区 ,3室2厅,132.66平米,南 北,简装,低楼层(共18层),2008年建_板楼,200万
济南,汇统花园 ,3室2厅,124.81平米,南,精装,高楼层(共11层),2002年建_塔楼,213万
济南,济南万科城 ,2室2厅,81.04平米,西南,精装,34层,板楼,167万
济南,盛福花园 ,3室2厅,116.61平米,南 北,简装,中楼层(共6层),2009年建_板楼,170万
济南,中建锦绣城 ,3室2厅,135.16平米,南 北,精装,高楼层(共29层),2015年建_板楼,185万
济南,新生活家园北区 ,3室2厅,118.71平米,南 北,其他,中楼层(共11层),2008年建_板楼,220万
济南,泉景天沅 ,2室2厅,99.66平米,南,简装,低楼层(共23层),2011年建_板楼,209万
济南,锦绣泉城 ,3室2厅,148.4平米,南 北,简装,低楼层(共26层),2009年建_板楼,260万
济南,尚品燕园 ,3室1厅,109.6平米,南 北,精装,33层,2015年建_板楼,198万
济南,平安山庄 ,3室1厅,118.94平米,南 北,精装,中楼层(共6层),2010年建_板楼,66万
合肥,东冠繁华逸城 ,3室2厅,114.47平米,南,精装,中楼层(共14层),2014年建_板塔结合,183万
合肥,龙腾家园 ,3室2厅,99.05平米,南,精装,低楼层(共6层),板塔结合,127.5万
合肥,华府竹丝苑北苑 ,4室2厅,143.82平米,南 北,精装,中楼层(共5层),板楼,166万
合肥,金辉悦府 ,4室2厅,121.66平米,南,精装,高楼层(共33层),板塔结合,155万
合肥,月亮湾亲水嘉园 ,3室2厅,91.92平米,南,精装,中楼层(共6层),板塔结合,131.5万
合肥,家天下二期 ,3室2厅,86.96平米,南,精装,高楼层(共24层),2014年建_板塔结合,151.5万
合肥,月亮湾亲水嘉园 ,2室2厅,90.09平米,南,简装,中楼层(共6层),板塔结合,114.5万
合肥,玫瑰绅城 ,3室2厅,91.77平米,南,精装,中楼层(共27层),2009年建_板塔结合,143万
合肥,绿地海顿公馆A ,3室2厅,142.55平米,南,精装,低楼层(共18层),2010年建_板塔结合,330万
合肥,华夏茗湾学府 ,3室1厅,99.11平米,南 北,毛坯,30层,2018年建_板楼,246万
合肥,融创城融福园 ,3室2厅,114.96平米,南,精装,35层,2021年建_板楼,314万
合肥,琥珀中村 ,3室1厅,63平米,南,简装,低楼层(共6层),2000年建_板塔结合,112万
合肥,保利海上五月花 ,4室1厅,127.29平米,南,简装,6层,2016年建_板楼,540万
合肥,少荃家园 ,3室2厅,106.7平米,南,简装,高楼层(共6层),板塔结合,59.8万
合肥,北雁湖金茂湾 ,3室2厅,119.34平米,南,毛坯,高楼层(共17层),板塔结合,309万
合肥,禹洲天玺 ,3室2厅,101.66平米,南,精装,中楼层(共30层),2016年建_板塔结合,201万
合肥,香江世纪名城 ,2室1厅,71.21平米,南,简装,11层,2006年建_板塔结合,88万
合肥,万达华府 ,3室2厅,98.89平米,南,简装,中楼层(共32层),塔楼,210万
合肥,斯瑞新景苑 ,2室2厅,98.92平米,南 北,精装,中楼层(共6层),板楼,93万
合肥,金色地带(肥东) ,3室2厅,88.19平米,南,毛坯,中楼层(共22层),板塔结合,75万
合肥,禹洲华侨城三期荷园 ,3室2厅,86.35平米,南,精装,中楼层(共18层),2014年建_板塔结合,205万
合肥,恒大城 ,3室1厅,110.51平米,南,精装,32层,2013年建_板塔结合,141万
合肥,淮合花园 ,2室1厅,66.95平米,南,简装,低楼层(共28层),2012年建_板楼,55万
合肥,元一名城C区 ,5室2厅,185.75平米,南,简装,11层,2009年建_板塔结合,260万
合肥,华南城紫荆名都馨园 ,1室1厅,54.71平米,南,简装,高楼层(共34层),2016年建_板楼,43万
合肥,银领时代花园 ,2室1厅,65.44平米,南 北,精装,低楼层(共22层),2013年建_板塔结合,76万
合肥,罗马花园西区 ,3室2厅,128.78平米,南,简装,低楼层(共6层),板楼,152万
合肥,绿地海德公馆 ,3室2厅,88.21平米,南,精装,高楼层(共32层),板塔结合,155万
合肥,当代MOMΛ未来城 ,3室2厅,103.86平米,南 北,简装,高楼层(共34层),2018年建_板塔结合,136万
合肥,恒大城 ,3室2厅,90.6平米,南,精装,32层,2013年建_板塔结合,126万
合肥,玉兰苑二期 ,3室1厅,82.63平米,南 北,精装,低楼层(共5层),板塔结合,102万
合肥,东方花园 ,3室2厅,139.14平米,南 北,精装,高楼层(共6层),板塔结合,86万
合肥,新华阳光国际 ,3室2厅,91.66平米,南,其他,中楼层(共11层),2011年建_板塔结合,163万
合肥,华南城紫荆名都馨园 ,3室2厅,87.63平米,南,毛坯,中楼层(共34层),2016年建_板楼,119万
合肥,恒大城 ,3室1厅,90.86平米,北,简装,32层,2013年建_板塔结合,129万
合肥,文一陶冲湖城市广场 ,3室2厅,84.76平米,南 北,毛坯,高楼层(共6层),2018年建_板楼,159万
合肥,光明观澜公馆 ,3室2厅,104.96平米,南,精装,中楼层(共34层),2017年建_板塔结合,195万
合肥,御景嘉苑 ,3室2厅,101.01平米,南,毛坯,高楼层(共29层),塔楼,120万
合肥,置地嗑靶 ,2室1厅,72.86平米,南,简装,低楼层(共6层),2008年建_板塔结合,136万
合肥,华润熙云府 ,4室2厅,104.04平米,南,精装,中楼层(共34层),2015年建_板楼,166万
合肥,蓝光林肯公园 ,3室1厅,142.1平米,南 北,精装,高楼层(共11层),板塔结合,212万
合肥,文一名门名城 ,3室2厅,100.23平米,南 北,精装,高楼层(共31层),2018年建_板塔结合,170万
合肥,信地城市广场 ,2室1厅,52.37平米,南,精装,高楼层(共20层),2011年建_板塔结合,89万
合肥,文一云河湾 ,3室2厅,88平米,南 北,精装,中楼层(共30层),板塔结合,120万
合肥,绿地海德公馆 ,4室2厅,116平米,南,精装,高楼层(共32层),板塔结合,189万
合肥,禹洲天玺 ,3室2厅,99平米,南,简装,中楼层(共41层),2016年建_板塔结合,190万
合肥,林语人家 ,4室2厅,123平米,南 北,精装,高楼层(共6层),板楼,116万
合肥,八建小区 ,3室1厅,75.59平米,南,简装,高楼层(共6层),板楼,78万
合肥,阳光汇景 ,3室2厅,120.21平米,南 北,简装,低楼层(共18层),2007年建_板楼,134万
合肥,长淮新村A区 ,2室1厅,62.43平米,南,毛坯,6层,板塔结合,72万
合肥,当代MOMΛ未来城 ,4室2厅,135.09平米,南,精装,中楼层(共11层),2018年建_板塔结合,175万
合肥,圣联梦溪小镇 ,3室2厅,133.38平米,北 南,其他,低楼层(共26层),2015年建_板楼,149万
合肥,万成华府 ,3室1厅,82.88平米,南,精装,中楼层(共32层),2013年建_板塔结合,115万
合肥,阳光棕榈园 ,3室2厅,91.03平米,南,精装,中楼层(共18层),2011年建_板塔结合,120万
合肥,隆昊昊天园 ,3室1厅,104.93平米,南 北,精装,30层,板楼,159万
合肥,兴海苑D区 ,3室1厅,85.62平米,南,精装,18层,板塔结合,108万
合肥,海洲景秀世家 ,3室2厅,90.19平米,南,精装,中楼层(共32层),2012年建_板塔结合,115万
合肥,恒大城 ,3室1厅,110.51平米,北,精装,32层,2014年建_板塔结合,143万
合肥,当代MOMΛ未来城 ,3室2厅,88.44平米,南,精装,中楼层(共34层),2018年建_板塔结合,127.8万
合肥,香格里拉花园 ,3室2厅,108.85平米,南,精装,低楼层(共6层),2008年建_板塔结合,198万
石家庄,保利拉菲公馆朗菲园二期 ,3室2厅,148.54平米,南 北,简装,低楼层(共17层),板楼,280万
石家庄,富强家园 ,2室2厅,87.05平米,南 北,简装,中楼层(共6层),板楼,50.9万
石家庄,恒大雅苑 ,3室1厅,108.96平米,南,精装,高楼层(共32层),板楼,128万
石家庄,万达广场B1北区 ,3室2厅,140.8平米,南 北,精装,中楼层(共34层),板塔结合,259万
石家庄,丽晶园 ,4室2厅,199.83平米,北 南,简装,高楼层(共32层),板楼,415万
石家庄,纳帕溪谷 ,4室2厅,240.2平米,南 北,毛坯,低楼层(共2层),暂无数据,175万
石家庄,星河盛世城 ,5室1厅,345.1平米,南 北,毛坯,低楼层(共27层),板楼,560万
石家庄,铁路十五宿舍 ,2室1厅,62.76平米,南 北,精装,中楼层(共6层),板楼,87万
石家庄,香格礼小区 ,3室2厅,139.75平米,南 北,精装,高楼层(共26层),板楼,186万
石家庄,天苑生活小区 ,2室1厅,64.4平米,南,简装,高楼层(共6层),板楼,57万
石家庄,汇君城2期 ,3室2厅,117.13平米,南 北,精装,中楼层(共9层),板楼,179万
石家庄,恒泰德钰名邸 ,3室2厅,145.81平米,南,精装,低楼层(共33层),板楼,179万
石家庄,南简良东区 ,2室2厅,83.5平米,南 北,简装,高楼层(共6层),板塔结合,78万
石家庄,沁园 ,3室1厅,107.45平米,东 东南,精装,高楼层(共18层),板楼,130万
石家庄,碧水青园 ,2室2厅,88.08平米,南,简装,中楼层(共27层),板楼,141万
石家庄,翠薇雅居 ,3室1厅,82.67平米,南 北,简装,中楼层(共5层),板楼,142万
石家庄,奥冠奥北公元 ,3室2厅,104.93平米,南,精装,中楼层(共34层),板楼,145万
石家庄,新苑小区 ,2室1厅,63.24平米,南,简装,高楼层(共7层),板楼,52万
石家庄,汇景家园・棉二生活区 ,2室1厅,71.9平米,南,毛坯,中楼层(共7层),板楼,90万
石家庄,西城巷 ,4室2厅,179.76平米,南 北,简装,低楼层(共2层),暂无数据,185万
石家庄,西美花盛 ,3室2厅,86平米,南,精装,高楼层(共18层),板塔结合,120万
石家庄,万达广场B1南区 ,3室2厅,128.07平米,南 北,精装,高楼层(共33层),板楼,225万
石家庄,星河御城 ,3室2厅,131.78平米,南,精装,高楼层(共27层),板楼,175万
石家庄,市三院高层住宅楼 ,3室2厅,113.13平米,南 北,精装,低楼层(共26层),板楼,156万
石家庄,银通小区 ,2室2厅,100.3平米,南 北,精装,低楼层(共6层),板楼,118万
石家庄,明珠花苑 ,4室2厅,149.7平米,南 北,精装,高楼层(共18层),板塔结合,195万
石家庄,纳帕溪谷 ,3室2厅,241.25平米,南 北,精装,低楼层(共3层),暂无数据,205万
石家庄,顺美华庭 ,2室2厅,90.45平米,南,精装,高楼层(共26层),板楼,120万
石家庄,村南街宿舍 ,1室1厅,40.42平米,南,精装,低楼层(共6层),板楼,80万
石家庄,农发行家属楼 ,2室1厅,94平米,南 北,精装,低楼层(共6层),暂无数据,86万
石家庄,河北省军区石家庄第一干休所 ,3室1厅,137.4平米,南 北,简装,低楼层(共6层),板楼,179万
石家庄,博雅庄园 ,2室1厅,110.96平米,南,精装,中楼层(共8层),板楼,182万
石家庄,泰丰观湖 ,2室1厅,99.08平米,南,简装,高楼层(共33层),板楼,149万
石家庄,三五零二生活区 ,2室1厅,69.17平米,南 北,简装,中楼层(共7层),板楼,75万
石家庄,荣盛华府 ,3室3厅,194.41平米,南 北,毛坯,中楼层(共24层),板楼,408万
石家庄,瑞城B区 ,2室2厅,92.5平米,南,精装,高楼层(共33层),板楼,126万
石家庄,苹果城 ,2室2厅,106.73平米,南 北,精装,高楼层(共7层),板楼,108万
石家庄,瑞城E区 ,4室2厅,135.37平米,南,精装,中楼层(共34层),板楼,243万
石家庄,保利花园 ,3室2厅,115.74平米,南 北,简装,高楼层(共34层),板楼,165万
石家庄,水印莱茵 ,2室2厅,82.05平米,南,毛坯,中楼层(共24层),板楼,71万
石家庄,广安云棠 ,3室2厅,115.08平米,南 北,精装,高楼层(共33层),板楼,168万
石家庄,天山熙湖 ,3室1厅,146.99平米,南,精装,低楼层(共7层),板楼,430万
石家庄,万信花园A区 ,3室2厅,175.94平米,南 北,精装,中楼层(共19层),板楼,475万
石家庄,神州嘉园 ,3室2厅,146平米,南 北,精装,低楼层(共7层),板楼,213万
石家庄,恒大华府 ,3室2厅,130.86平米,南 北,精装,高楼层(共29层),板塔结合,312万
石家庄,红珊湾 ,3室2厅,134.77平米,南 北,简装,34层,板楼,214万
石家庄,丰河苑 ,3室1厅,116.55平米,南 北,简装,中楼层(共6层),板楼,140万
石家庄,红珊湾 ,3室2厅,127.69平米,南 北,精装,34层,板楼,219万
石家庄,亲亲小镇北区 ,3室2厅,143.96平米,南 北,精装,中楼层(共7层),板楼,185万
石家庄,科学院生活区 ,3室1厅,84.42平米,南 北,简装,中楼层(共6层),板楼,158万
石家庄,中房新城 ,3室2厅,137.14平米,南 北,精装,低楼层(共18层),板楼,170万
石家庄,北城国际C区 ,3室1厅,93.94平米,南,精装,34层,板楼,137万
石家庄,青园小区 ,3室1厅,50.56平米,南 北,简装,低楼层(共5层),板楼,71万
石家庄,泰丰观湖 ,2室2厅,99.08平米,南,精装,高楼层(共33层),板楼,134万
石家庄,旭城花园 ,2室2厅,107平米,南,简装,低楼层(共7层),板楼,119万
石家庄,水印莱茵 ,2室2厅,100.81平米,南,简装,低楼层(共24层),板楼,89万
石家庄,奥冠奥北公元 ,3室2厅,98.74平米,南 北,毛坯,低楼层(共34层),板楼,138万
石家庄,中阳信和水岸 ,3室2厅,147.93平米,南,精装,中楼层(共20层),板楼,178万
石家庄,翰林观天下一期 ,3室2厅,117.94平米,南 西南,简装,中楼层(共32层),板楼,187万
石家庄,恒大绿洲 ,3室2厅,96.63平米,南 北,精装,中楼层(共33层),板塔结合,86万
郑州,名门郡景 ,3室1厅,88.59平米,南,精装,高楼层(共32层),板塔结合,64万
郑州,鑫苑名家 ,4室2厅,190.77平米,南 北,简装,中楼层(共23层),板塔结合,265万
郑州,美景天城 ,5室2厅,242.25平米,南 北,其他,低楼层(共6层),板楼,310万
郑州,琥珀名城 ,4室3厅,190.75平米,南,简装,高楼层(共6层),板塔结合,159万
郑州,美林河畔 ,3室1厅,142.5平米,南,精装,高楼层(共28层),板楼,139万
郑州,大观国际居住区北区 ,3室2厅,102.46平米,南 北,精装,低楼层(共8层),板楼,239万
郑州,滨河绿苑 ,3室1厅,115.68平米,南,毛坯,30层,板塔结合,150万
郑州,郑州鸿鑫公寓 ,3室2厅,109.61平米,南 北,简装,低楼层(共6层),板楼,120万
郑州,工人路330-364号 ,3室2厅,111.03平米,东 南 北,简装,低楼层(共6层),板楼,140万
郑州,芙蓉花苑 ,3室2厅,105.56平米,南 北,简装,中楼层(共18层),塔楼,95万
郑州,海龙香槟大道 ,3室1厅,106.78平米,南,其他,中楼层(共26层),板塔结合,66万
郑州,万科城紫兰苑 ,3室2厅,88.09平米,东 北,简装,低楼层(共34层),塔楼,103万
郑州,绿地澜庭二期 ,3室2厅,122.34平米,南 北,精装,低楼层(共25层),板塔结合,140万
郑州,绿岛港湾 ,5室2厅,191.3平米,东南 南 西南 北,精装,高楼层(共6层),板楼,140万
郑州,南苑春光西区 ,4室2厅,168.78平米,南 北,简装,高楼层(共7层),平房,35万
郑州,瀚宇天悦湾1号院 ,5室2厅,299.51平米,南 东南,毛坯,高楼层(共28层),板楼,154万
郑州,亚星盛世家园 ,2室2厅,105.82平米,南,简装,高楼层(共17层),板塔结合,125万
郑州,正弘数码公寓 ,2室1厅,73.08平米,西南 西北,精装,高楼层(共32层),板塔结合,122万
郑州,正商园田花园 ,3室2厅,116.77平米,南,精装,低楼层(共21层),板塔结合,118万
郑州,启福华都 ,3室2厅,145.36平米,南 北,精装,中楼层(共17层),板塔结合,258万
郑州,文华西区 ,2室2厅,91.12平米,南 北,精装,低楼层(共7层),板楼,90万
郑州,曼哈顿 ,3室2厅,141.28平米,南,其他,中楼层(共30层),板塔结合,205万
郑州,绿都紫荆华庭雅园 ,3室2厅,89.49平米,南,精装,中楼层(共34层),板塔结合,131万
郑州,苗圃小区 ,3室1厅,96.34平米,南 北,精装,中楼层(共5层),板楼,78万
郑州,北晨颐商苑 ,5室2厅,231.66平米,南 东南,其他,高楼层(共6层),板楼,150万
郑州,市场街74-82号 ,8室4厅,305.3平米,南 北,其他,低楼层(共7层),板楼,223万
郑州,润城时光里 ,4室2厅,133.6平米,南 北,毛坯,中楼层(共27层),塔楼,187万
郑州,鑫苑名家 ,5室3厅,307.51平米,南 北,精装,高楼层(共22层),板塔结合,419万
郑州,新鑫花园(金水) ,5室2厅,349.71平米,南 北,精装,低楼层(共11层),板楼,435万
郑州,滨河绿苑 ,5室1厅,265.78平米,南 北,精装,27层,板楼,327.5万
郑州,滨河苑 ,4室2厅,199.97平米,南 北,简装,中楼层(共7层),板楼,126万
郑州,维也纳小镇 ,3室1厅,96.35平米,南,精装,高楼层(共6层),暂无数据,70万
郑州,兰桂小区 ,2室1厅,74.58平米,南,精装,低楼层(共22层),塔楼,71万
郑州,正商公主湖 ,3室2厅,128.59平米,南 北,毛坯,高楼层(共7层),暂无数据,72万
郑州,丹桂苑 ,4室1厅,157.86平米,南,毛坯,低楼层(共31层),板楼,115.8万
郑州,阳光城9号院 ,3室2厅,89.62平米,南 北,精装,中楼层(共32层),板楼,151万
郑州,盛世龙城东区 ,3室2厅,94.67平米,西南,其他,高楼层(共17层),板楼,55万
郑州,青年居易 ,2室0厅,56平米,东南,精装,低楼层(共6层),板楼,41万
郑州,融创美盛象湖一号一期 ,3室2厅,125.02平米,南,精装,中楼层(共21层),板楼,167万
郑州,万科天伦紫台 ,4室2厅,128.39平米,南 北,精装,高楼层(共26层),板楼,165万
郑州,富邦铭邸 ,2室2厅,80.01平米,南,精装,中楼层(共29层),塔楼,82万
郑州,锦龙居小区 ,2室1厅,71.01平米,南 西南 西,简装,低楼层(共6层),板楼,65万
郑州,石建社区 ,2室2厅,85.58平米,南 北,其他,高楼层(共6层),板楼,59万
郑州,天佑小区 ,4室2厅,165.33平米,南 北,精装,中楼层(共18层),板楼,265万
郑州,中建文苑 ,3室2厅,129.61平米,南 北,简装,低楼层(共11层),板楼,228万
郑州,万达3号院 ,3室2厅,140.11平米,东 南 北,精装,33层,板塔结合,240万
郑州,祝福红城四期 ,3室1厅,113.02平米,南,精装,高楼层(共34层),板塔结合,133万
郑州,天伦水晶城 ,3室2厅,118.87平米,南,简装,高楼层(共30层),板塔结合,132万
郑州,茜城社区 ,3室1厅,121.65平米,西,精装,中楼层(共11层),板楼,91万
郑州,栖湖怡家 ,2室2厅,68.78平米,南,简装,高楼层(共34层),板楼,76万
郑州,恒大城牡丹园 ,3室2厅,102.4平米,南 北 西,精装,低楼层(共33层),板楼,149万
郑州,建业城市花园 ,3室2厅,144平米,南 北,精装,中楼层(共7层),板楼,196万
郑州,升龙凤凰城D区 ,2室1厅,77.51平米,南,其他,高楼层(共28层),板楼,96万
郑州,名门世家 ,3室2厅,175.49平米,南 北,精装,高楼层(共25层),板楼,290万
郑州,康城棕榈泉 ,7室2厅,303.14平米,南,精装,高楼层(共11层),板楼,395万
郑州,橡树玫瑰城 ,2室1厅,87.18平米,南,简装,26层,板楼,88万
郑州,正商华钻澜庭3号院 ,3室2厅,134.32平米,南 北,精装,高楼层(共33层),板楼,173万
郑州,地税局家属楼 ,3室2厅,143平米,南 北,精装,高楼层(共6层),板楼,51万
郑州,鑫源花园 ,3室2厅,129.74平米,南,简装,中楼层(共6层),暂无数据,60万
郑州,经一路11号院 ,3室1厅,47.01平米,南,简装,低楼层(共4层),板楼,41万
武汉,富强都市乾元 ,3室2厅,99.12平米,南,其他,高楼层(共33层),2018年建_塔楼,80万
武汉,恒大绿洲 ,4室1厅,144.76平米,南,精装,中楼层(共18层),2011年建_塔楼,139.5万
武汉,东湖林语 ,3室2厅,129.08平米,南 北,精装,低楼层(共6层),2001年建_板楼,350万
武汉,联投龙湾一期 ,3室1厅,121.64平米,南,其他,中楼层(共18层),2018年建_板楼,125万
武汉,保利中央公馆 ,3室2厅,92.95平米,南 东,精装,高楼层(共34层),2011年建_板楼,204万
武汉,卫民巷95号 ,3室1厅,110.05平米,南 北,简装,低楼层(共2层),暂无数据,53万
武汉,万科金域蓝湾 ,4室2厅,125.89平米,南 北,精装,低楼层(共33层),2013年建_板楼,278万
武汉,中锐滨湖尚城 ,3室2厅,97.57平米,南,精装,中楼层(共33层),2019年建_塔楼,108万
武汉,天汇龙城 ,3室2厅,119.94平米,东南 北,精装,高楼层(共32层),2016年建_板楼,100万
武汉,东城明珠 ,3室2厅,99.59平米,南,精装,中楼层(共17层),板楼,59.2万
武汉,江夏区商务局 ,2室2厅,72.09平米,南 北,简装,低楼层(共3层),暂无数据,55万
武汉,中锐滨湖尚城 ,3室2厅,98.74平米,南,精装,中楼层(共33层),板楼,106万
武汉,佳运环湖花园 ,3室2厅,113.17平米,南 北,毛坯,低楼层(共33层),板楼,70万
武汉,保利清能西海岸 ,3室1厅,89.59平米,南 北,精装,高楼层(共11层),2015年建_板楼,145万
武汉,保利圆梦城十区 ,3室2厅,99.83平米,西南,毛坯,中楼层(共34层),2017年建_塔楼,68万
武汉,富丽金澜湾 ,3室2厅,98.92平米,南 北,精装,中楼层(共26层),板塔结合,108万
武汉,沿海翡丽公馆 ,3室2厅,89.29平米,南 北,精装,高楼层(共34层),2017年建_板楼,90万
武汉,常青花园十号小区 ,4室2厅,198.33平米,南 北,精装,高楼层(共7层),2005年建_板楼,225万
武汉,保利华都 ,3室2厅,135.57平米,南 西南 北,精装,高楼层(共26层),2011年建_板楼,399万
武汉,悦秀苑 ,2室1厅,82.02平米,北 南,精装,中楼层(共11层),2008年建_塔楼,120万
武汉,锦绣龙城 ,3室2厅,123.7平米,南,精装,低楼层(共11层),2009年建_塔楼,190万
武汉,印力中心 ,3室2厅,93.83平米,东南,精装,高楼层(共36层),2016年建_板塔结合,175万
武汉,万科汉阳国际B区 ,3室2厅,138.3平米,东南,精装,高楼层(共34层),2015年建_板楼,220万
武汉,莱茵城 ,2室2厅,92.6平米,西南,毛坯,中楼层(共11层),塔楼,41万
武汉,复地悦城一期西区 ,3室1厅,65.89平米,东南,简装,中楼层(共34层),2015年建_板楼,107万
武汉,珩生领袖城 ,3室2厅,124.75平米,南,精装,中楼层(共18层),2012年建_板楼,90万
武汉,乐居 ,2室1厅,65.23平米,东南,简装,高楼层(共8层),板塔结合,65万
武汉,富康花园 ,3室2厅,104.92平米,南 北,简装,低楼层(共8层),2000年建_板楼,125万
武汉,水果湖第一中学宿舍 ,3室2厅,95.6平米,东南,精装,高楼层(共7层),板楼,256万
武汉,依山龙郡 ,2室1厅,87.32平米,南,其他,高楼层(共33层),2017年建_板楼,72.8万
武汉,联投龙湾二期 ,3室2厅,113.1平米,南 北,精装,中楼层(共28层),2013年建_板塔结合,126万
武汉,碧桂园生态城左岸 ,4室2厅,105.56平米,南 北,其他,中楼层(共30层),板楼,152万
武汉,喜瑞都 ,3室1厅,103.88平米,南,简装,高楼层(共33层),2015年建_塔楼,173万
武汉,汉口花园清桐阁 ,3室1厅,124.04平米,南 北,简装,低楼层(共11层),2008年建_板楼,181万
武汉,爱家国际华城 ,3室1厅,125.74平米,南 北,其他,低楼层(共25层),2010年建_板楼,178万
武汉,三金鑫城国际润雅苑 ,3室1厅,119平米,东南,其他,低楼层(共26层),2012年建_板楼,206万
武汉,银湖翡翠一期 ,4室2厅,161.1平米,南 北,精装,低楼层(共18层),2014年建_板楼,198万
武汉,保利时代南区 ,3室1厅,97.42平米,南,其他,中楼层(共33层),2017年建_板塔结合,299万
武汉,星河2049 ,3室2厅,101.85平米,南,精装,中楼层(共47层),板楼,165万
武汉,东方新天地 ,2室1厅,94.37平米,南 北,精装,低楼层(共12层),2008年建_板楼,39万
武汉,金色港湾五期 ,1室1厅,56.22平米,东南,精装,低楼层(共34层),2014年建_板楼,82万
武汉,阳光100大湖第 ,3室2厅,114.73平米,南,精装,高楼层(共25层),2015年建_板楼,130万
武汉,碧桂园海昌天澜三期 ,3室2厅,116.07平米,南 北,精装,低楼层(共28层),2017年建_板塔结合,145万
武汉,太子湖1号 ,1室1厅,40.23平米,南,精装,高楼层(共29层),2011年建_板塔结合,43万
武汉,太子湖1号 ,1室1厅,40.23平米,南,精装,高楼层(共29层),2011年建_板塔结合,43万
武汉,保利清能西海岸南区 ,3室2厅,109.46平米,南 北,毛坯,中楼层(共27层),板楼,142万
武汉,越秀星汇云锦 ,2室1厅,93.29平米,南 北,精装,低楼层(共53层),2015年建_板楼,225万
武汉,佳阳翠湖里 ,2室2厅,92.01平米,南,毛坯,中楼层(共33层),2017年建_板塔结合,38万
武汉,圆梦08庄园1-3期 ,3室2厅,128.83平米,南 北,毛坯,低楼层(共11层),2012年建_板楼,65万
武汉,翰林苑小区 ,3室2厅,92.87平米,南 北,精装,低楼层(共6层),暂无数据,88万
武汉,阳光100大湖第 ,2室2厅,85.74平米,西南,精装,低楼层(共25层),2015年建_板楼,93万
武汉,绿城桃李春风御园 ,3室2厅,84.24平米,南,毛坯,中楼层(共17层),板塔结合,56万
武汉,世茂锦绣长江二期 ,3室1厅,156.54平米,东 西,毛坯,中楼层(共54层),2009年建_塔楼,344万
武汉,万科金色城市23地块 ,3室2厅,96.15平米,东南,精装,中楼层(共28层),2011年建_板楼,138万
武汉,中民仁寿里 ,3室1厅,93平米,东南,简装,高楼层(共33层),2016年建_板楼,175万
武汉,万科城花Z苑 ,3室2厅,91.36平米,南 北,精装,高楼层(共34层),2017年建_板塔结合,238万
武汉,瑞园小区 ,3室1厅,108.89平米,南 北,精装,中楼层(共33层),2014年建_塔楼,125万
武汉,首义小区 ,3室1厅,73.62平米,北 西,简装,低楼层(共6层),1995年建_板楼,108万
武汉,半岛花园 ,3室2厅,117.97平米,南,简装,中楼层(共6层),2005年建_板楼,140万
武汉,楚天都市雅园 ,3室2厅,88.17平米,南,精装,中楼层(共45层),2016年建_板塔结合,225万
长沙,科教新村 ,4室2厅,145.65平米,南 北,精装,高楼层(共6层),板楼,154万
长沙,恒生碧水龙庭 ,3室2厅,124.19平米,南 北,毛坯,低楼层(共30层),2018年建_板塔结合,110万
长沙,白沙世纪园东区 ,4室2厅,180.09平米,南,精装,中楼层(共5层),2007年建_板楼,192万
长沙,中建梅溪湖中心 ,4室2厅,185.8平米,南,简装,中楼层(共30层),2014年建_板塔结合,430万
长沙,芙蓉万国城MOMA ,3室2厅,86.96平米,南,精装,中楼层(共33层),2015年建_板塔结合,96万
长沙,南山雍江汇一期 ,3室1厅,107.51平米,东南,精装,33层,2012年建_板塔结合,228万
长沙,通用时代国际社区 ,3室2厅,108.54平米,南,精装,中楼层(共31层),2014年建_板塔结合,168万
长沙,保利麓谷林语D区 ,3室2厅,81.84平米,南,精装,低楼层(共18层),2013年建_塔楼,88万
长沙,楚天家园 ,4室2厅,168.31平米,南 北,精装,高楼层(共31层),塔楼,87万
长沙,江山帝景哈佛 ,3室2厅,106.04平米,南 北,精装,高楼层(共26层),板塔结合,123万
长沙,西子湖畔 ,3室2厅,125.78平米,东南,其他,高楼层(共11层),2011年建_板塔结合,120万
长沙,中星苑 ,2室1厅,77.13平米,南 北,简装,低楼层(共7层),板塔结合,62万
长沙,正荣财富中心 ,3室2厅,118.25平米,南 北,精装,高楼层(共34层),2016年建_板塔结合,108万
长沙,金茂府 ,4室2厅,207.22平米,南 北,精装,低楼层(共42层),2014年建_板楼,658万
长沙,北辰三角洲E6区 ,3室2厅,104.55平米,南,简装,高楼层(共40层),2017年建_板塔结合,163万
长沙,和泉嘉园 ,4室1厅,176.66平米,南,毛坯,中楼层(共31层),板塔结合,108.6万
长沙,深业睿城 ,4室2厅,137平米,南,精装,高楼层(共33层),2013年建_板塔结合,130万
长沙,卓越浅水湾 ,3室1厅,94.22平米,南,毛坯,低楼层(共33层),2014年建_板塔结合,133万
长沙,三景华御 ,3室1厅,98.25平米,南,精装,高楼层(共33层),2013年建_塔楼,73.5万
长沙,钰龙天下二期 ,4室2厅,122平米,南,精装,中楼层(共28层),2014年建_板楼,280万
长沙,阳光城尚东湾 ,3室2厅,119.38平米,南,毛坯,中楼层(共33层),2017年建_板塔结合,123.98万
长沙,兴威名城 ,6室2厅,255.49平米,南 北,毛坯,高楼层(共20层),2005年建_塔楼,195万
长沙,盛地尊域 ,4室2厅,115.68平米,南 北,毛坯,高楼层(共31层),2013年建_塔楼,92.8万
长沙,桔园经典 ,5室2厅,209.59平米,南,简装,高楼层(共18层),2007年建_塔楼,130万
长沙,北辰三角洲凤凰公元 ,4室2厅,145平米,南,精装,高楼层(共37层),板楼,299万
长沙,世纪城瑞江苑 ,2室2厅,94.43平米,南,精装,中楼层(共33层),2010年建_塔楼,108万
长沙,美村青山里 ,3室2厅,133.88平米,南 北,精装,低楼层(共18层),板塔结合,125.8万
长沙,上河国际花园C区 ,3室1厅,124.17平米,南,精装,高楼层(共23层),2007年建_板塔结合,132万
长沙,佳兆业云顶梅溪湖 ,6室2厅,156.17平米,南,精装,低楼层(共37层),平房,588万
长沙,湘府9号 ,4室2厅,124.71平米,南 北,精装,低楼层(共26层),2011年建_塔楼,153.8万
长沙,福天藏郡 ,5室2厅,256.39平米,东南,毛坯,低楼层(共22层),暂无数据,251万
长沙,宏景名厦 ,6室2厅,197平米,南 北,简装,中楼层(共21层),2001年建_塔楼,205万
长沙,芙蓉万国城MOMA ,3室2厅,108.55平米,南 北,毛坯,高楼层(共33层),2016年建_板塔结合,110万
长沙,南城印象 ,4室2厅,113.64平米,南 北,毛坯,高楼层(共32层),2016年建_板塔结合,125万
长沙,万科金域华府 ,3室2厅,123.58平米,南 北,精装,低楼层(共34层),2013年建_板塔结合,165万
长沙,中航城 ,4室2厅,135.78平米,南,毛坯,低楼层(共6层),暂无数据,172万
长沙,万家城 ,3室2厅,126.83平米,南 北,精装,中楼层(共17层),2013年建_板塔结合,137.5万
长沙,华润置地广场二期 ,3室2厅,89.43平米,南 北,精装,中楼层(共34层),板楼,88.8万
长沙,万科金域华府 ,3室2厅,88.24平米,南 北,精装,高楼层(共34层),板塔结合,125万
长沙,锦湘国际星城四期 ,3室1厅,127.68平米,南,精装,低楼层(共33层),2016年建_板楼,160万
长沙,王府花园 ,4室2厅,165.36平米,北,简装,低楼层(共25层),2004年建_塔楼,188万
长沙,新长海广场 ,2室2厅,75.53平米,北,其他,低楼层(共33层),2013年建_塔楼,45.5万
长沙,洋湖style ,3室2厅,103.48平米,南,其他,低楼层(共29层),2017年建_塔楼,94.9万
长沙,省农业银行雨花路大院 ,3室1厅,73.65平米,东南,简装,低楼层(共5层),板塔结合,54.8万
长沙,华盛家园 ,3室2厅,122.93平米,南,精装,高楼层(共13层),2002年建_板塔结合,119万
长沙,水岸世景 ,3室2厅,87.29平米,东南,精装,中楼层(共34层),2015年建_板塔结合,88万
长沙,长房南屏锦源 ,3室2厅,89.55平米,南,精装,中楼层(共18层),2013年建_板塔结合,106万
长沙,五矿哈佛小镇 ,4室2厅,119.68平米,南,其他,中楼层(共18层),板塔结合,108万
长沙,勤诚达新界 ,2室1厅,64.72平米,南,精装,低楼层(共17层),板楼,50万
长沙,银桂苑 ,4室1厅,151.51平米,南 北,精装,低楼层(共6层),2010年建_板楼,136万
长沙,卓越浅水湾 ,4室2厅,129平米,南 北,精装,高楼层(共44层),2016年建_板塔结合,220万
长沙,天骄福邸 ,3室2厅,112.94平米,南,精装,高楼层(共18层),2011年建_板楼,158万
长沙,万科城二期B区 ,3室2厅,90.13平米,南 北,精装,高楼层(共34层),2014年建_板塔结合,119.8万
长沙,云栖谷 ,3室1厅,84.39平米,南,精装,中楼层(共32层),2014年建_板楼,81万
长沙,橡树湾小区 ,3室2厅,111.27平米,南 北,毛坯,高楼层(共34层),2014年建_板塔结合,125万
长沙,上民航宿舍 ,2室2厅,62.88平米,南 北,简装,中楼层(共19层),2001年建_塔楼,56万
长沙,机械研究所宿舍 ,3室1厅,89.27平米,南,简装,中楼层(共8层),板塔结合,82万
长沙,上河国际花园C区 ,3室2厅,125.03平米,南 北,其他,中楼层(共23层),2007年建_板楼,124万
长沙,东瓜山一村 ,1室1厅,41.97平米,南,其他,中楼层(共6层),板塔结合,23万
长沙,解放四村 ,1室1厅,50.62平米,南,精装,中楼层(共7层),暂无数据,33.9万
南昌,星西兰花园 ,6室2厅,207平米,南 北,简装,高楼层(共7层),板楼,120万
南昌,怡兰苑 ,8室1厅,228.85平米,东南,简装,高楼层(共7层),板楼,136万
南昌,南天金源 ,4室2厅,118平米,南 北,毛坯,高楼层(共29层),塔楼,188万
南昌,广润门三区 ,3室1厅,67.24平米,南,精装,低楼层(共8层),板楼,66万
南昌,绿地悦公馆 ,3室1厅,130.33平米,南,精装,高楼层(共6层),板楼,167万
南昌,保利东湾国际 ,3室2厅,88.77平米,南,精装,中楼层(共32层),塔楼,123万
南昌,二七北路 ,2室1厅,61.53平米,南 北,简装,低楼层(共6层),暂无数据,65万
南昌,洪客隆英伦联邦 ,4室2厅,101.38平米,南 北,精装,低楼层(共33层),塔楼,138万
南昌,力高滨湖国际 ,3室1厅,102.74平米,南,精装,高楼层(共45层),板楼,163万
南昌,宏泰四季花城 ,5室2厅,86.31平米,南 北,简装,高楼层(共6层),板塔结合,75万
南昌,象湖桃源 ,6室3厅,162.18平米,南 北,精装,上叠(共6层),板楼_叠拼别墅,169.8万
南昌,红谷春天花园 ,3室2厅,107.09平米,东南,精装,中楼层(共6层),板楼,185万
南昌,二建宿舍（青山南路37号） ,2室1厅,72.91平米,南,简装,中楼层(共4层),板楼,48万
南昌,广润门三区 ,2室1厅,50.45平米,南 北,精装,低楼层(共8层),板楼,49万
南昌,艾水清园 ,2室2厅,92平米,南,精装,中楼层(共18层),板塔结合,183万
南昌,银亿上尚城北区 ,3室2厅,120.33平米,南,精装,低楼层(共18层),板楼,109万
南昌,梦里水乡 ,3室2厅,124.06平米,南 北,精装,中楼层(共7层),板楼,128万
南昌,天使水榭尚都 ,3室1厅,83.8平米,南,精装,中楼层(共10层),板楼,100万
南昌,联泰香域滨江 ,3室2厅,129.54平米,南,精装,中楼层(共11层),板塔结合,252万
南昌,博泰魏玛峰尚一期 ,3室2厅,94.63平米,北 南,精装,中楼层(共6层),板楼,92万
南昌,保利香槟国际（艾溪湖二路66号） ,3室2厅,94.03平米,南 北,精装,31层,塔楼,151万
南昌,南天金源 ,3室2厅,90.62平米,东南 南,毛坯,高楼层(共33层),塔楼,143万
南昌,天集梅湖明珠一期 ,2室2厅,89.6平米,南 北,精装,低楼层(共18层),塔楼,67万
南昌,中兴和园西区 ,5室2厅,121.36平米,南,精装,高楼层(共6层),板塔结合,170万
南昌,洪城・比华利 ,3室2厅,135.3平米,南,精装,低楼层(共32层),板塔结合,195万
南昌,名门世家 ,3室2厅,100平米,南,简装,中楼层(共18层),板楼,182万
南昌,滨江庄园 ,6室2厅,240.81平米,南,简装,高楼层(共12层),板塔结合,199万
南昌,红谷世纪花园D区 ,3室2厅,131.82平米,南,简装,低楼层(共6层),板楼,245万
南昌,伟梦清水湾 ,2室2厅,90.84平米,南,精装,低楼层(共6层),板楼,89万
南昌,银亿上尚城南区 ,3室1厅,83.66平米,南,毛坯,中楼层(共30层),板楼,81万
南昌,洪大赣江城 ,3室2厅,114.47平米,东南,毛坯,高楼层(共33层),板楼,103万
南昌,水文嘉苑 ,2室1厅,86.78平米,南,毛坯,中楼层(共6层),平房,71万
南昌,上水巷 ,2室2厅,36平米,南,精装,高楼层(共6层),暂无数据,31.6万
南昌,城建局宿舍（四经路7号） ,2室1厅,66.62平米,南 北,精装,中楼层(共7层),板楼,77.6万
南昌,伟梦清水湾 ,3室2厅,134.35平米,南,精装,高楼层(共6层),板楼,95万
南昌,爱国路 ,3室2厅,91.1平米,南 北,精装,低楼层(共6层),板塔结合,135万
南昌,九龙馨苑 ,3室2厅,109.73平米,南 北,毛坯,低楼层(共33层),板楼,230万
南昌,伴山蝶墅 ,3室2厅,76.53平米,南 北,精装,中楼层(共18层),板楼,67万
南昌,鸿海万科天空之城 ,3室2厅,125.8平米,南 北,精装,中楼层(共33层),暂无数据,145万
南昌,朝阳江上院 ,3室2厅,116.12平米,南 北,毛坯,中楼层(共18层),板楼,220万
南昌,绿地学府公馆 ,3室2厅,107.06平米,南 北,简装,高楼层(共32层),塔楼,95万
南昌,恒锦花苑二区 ,3室2厅,99.6平米,南,毛坯,低楼层(共24层),板楼,153万
南昌,力高御景天城 ,3室1厅,86.18平米,南 北,毛坯,高楼层(共32层),板塔结合,125万
南昌,煌盛中央公园 ,4室2厅,125平米,南,毛坯,高楼层(共6层),暂无数据,168万
南昌,名门世家 ,2室2厅,89.84平米,南,简装,中楼层(共6层),板楼,166万
南昌,保利东湾国际 ,3室2厅,88.98平米,南,精装,高楼层(共32层),塔楼,130万
南昌,银城江畔 ,3室2厅,112.12平米,南,毛坯,低楼层(共30层),板楼,90万
南昌,江西奥林匹克花园 ,3室2厅,89.2平米,南,精装,高楼层(共10层),板楼,100万
南昌,伟梦东方院 ,3室2厅,142.57平米,南 北,毛坯,中楼层(共27层),板楼,112万
南昌,幸福时光一期 ,3室2厅,89.24平米,南,精装,高楼层(共6层),板楼,76万
南昌,力高国际城五期 ,4室2厅,118.8平米,南,精装,高楼层(共33层),板楼,103万
南昌,凤凰城凤翔苑 ,3室2厅,128.07平米,南,精装,低楼层(共6层),板楼,286.6万
南昌,居住主题公园-枫林美庐 ,4室2厅,88.92平米,南 北,精装,高楼层(共18层),板楼,110万
南昌,瑞仕华庭 ,2室1厅,113.29平米,南 北,毛坯,高楼层(共32层),板塔结合,138万
南昌,观水花园 ,3室2厅,97.97平米,南 北,精装,低楼层(共31层),板楼,148.6万
南昌,翰林世家 ,3室2厅,86.98平米,南 北,精装,低楼层(共18层),板楼,91万
南昌,商城世纪村 ,4室2厅,162.06平米,南 北,精装,高楼层(共11层),板塔结合,248万
南昌,恒大名都 ,3室2厅,91.06平米,南 北,精装,中楼层(共27层),板塔结合,154万
南昌,万科海上传奇 ,3室2厅,108.95平米,南,精装,中楼层(共43层),板楼,230万
南昌,中大云锦苑 ,4室2厅,135.13平米,南,毛坯,中楼层(共28层),板楼,238万
西安,龙记帝景湾 ,3室2厅,120.01平米,南 北,精装,低楼层(共23层),板塔结合,170万
西安,紫薇田园都市B区 ,3室2厅,122.52平米,南 西,其他,中楼层(共6层),板楼,219万
西安,水岸东方3期 ,2室2厅,89.35平米,南,精装,中楼层(共18层),板塔结合,120万
西安,天朗大兴郡蔚蓝悦城 ,3室1厅,93.14平米,南 北,简装,中楼层(共33层),板塔结合,172万
西安,华远辰悦 ,3室2厅,127.43平米,南 北,其他,高楼层(共28层),塔楼,163万
西安,中华世纪城 ,5室2厅,190.26平米,南 北,毛坯,中楼层(共11层),板楼,294万
西安,西岸国际花园西苑 ,2室2厅,83平米,南,精装,中楼层(共18层),板楼,126万
西安,水榭花都 ,1室1厅,22.6平米,南,简装,低楼层(共8层),板塔结合,18万
西安,海德堡PARK ,3室2厅,99.72平米,东南 南,精装,33层,板塔结合,243万
西安,高山流水星币传说 ,4室2厅,156.84平米,南 北,精装,高楼层(共32层),板塔结合,310万
西安,莲湖生活家 ,4室3厅,145.33平米,南 北,精装,高楼层(共6层),板楼,119万
西安,香榭御澄 ,4室2厅,153.59平米,南 北,毛坯,高楼层(共32层),板楼,535万
西安,爱尚泾渭 ,3室2厅,60.5平米,南,精装,高楼层(共16层),板塔结合,63.5万
西安,摩登小镇 ,3室2厅,115.85平米,南 北,精装,高楼层(共9层),板楼,125万
西安,泾渭上城 ,2室1厅,47.81平米,南 北,简装,低楼层(共12层),板楼,44万
西安,太阳水岸新城 ,2室2厅,90.42平米,南 北,精装,中楼层(共23层),板塔结合,145万
西安,恒大名都 ,3室2厅,107.38平米,南 北,精装,低楼层(共18层),板楼,153万
西安,茗景城 ,3室2厅,139.67平米,南 北,精装,中楼层(共18层),塔楼,168.8万
西安,西北有色地质研究院生活小区 ,2室2厅,103.56平米,南 北,其他,中楼层(共6层),板楼,107万
西安,中国飞机强度研究所生活区 ,3室1厅,81.76平米,南 北,精装,高楼层(共7层),板楼,78万
西安,御锦城智慧树 ,3室1厅,109.66平米,南 北,精装,高楼层(共33层),板楼,197.9万
西安,吉源美郡国际城 ,2室2厅,88.4平米,南,精装,低楼层(共16层),板塔结合,147.5万
西安,乐园小区 ,3室1厅,80.7平米,南 北,简装,低楼层(共5层),板楼,78.6万
西安,蓝光公园华府二期 ,4室2厅,127平米,南 北,毛坯,低楼层(共34层),板楼,155万
西安,凯跃汇景 ,2室1厅,43.54平米,东,精装,高楼层(共20层),塔楼,84万
西安,逸翠园一期 ,2室1厅,95.1平米,南,精装,高楼层(共18层),板楼,275.8万
西安,医药小区 ,2室1厅,50.66平米,南 北,简装,低楼层(共5层),板楼,52万
西安,金地翔悦天下 ,3室2厅,94.7平米,东南,精装,中楼层(共28层),板楼,215万
西安,紫薇曲江意境 ,4室2厅,152.87平米,南 北,精装,31层,板塔结合,372万
西安,高科绿水东城一期 ,2室2厅,107.6平米,南,简装,中楼层(共33层),板塔结合,128万
西安,金泰假日花城 ,3室2厅,128.45平米,南 北,简装,26层,板塔结合,230万
西安,哄卑氲A6区 ,3室1厅,48.13平米,西,精装,低楼层(共18层),板塔结合,63万
西安,万象湾 ,3室2厅,93.68平米,南 北,精装,中楼层(共33层),板塔结合,148万
西安,白桦林间 ,2室1厅,88.94平米,南,其他,高楼层(共27层),板塔结合,185万
西安,陕建机第四社区 ,2室1厅,70.53平米,南 北,简装,中楼层(共5层),板楼,65万
西安,沁水新城 ,3室2厅,143.82平米,南 北,精装,低楼层(共24层),板楼,170万
西安,金泰假日花城 ,3室1厅,131.82平米,南 北,精装,26层,板塔结合,237万
西安,仕嘉公寓A区（绿地世纪城） ,3室2厅,118.03平米,南 北,精装,中楼层(共11层),板楼,325万
西安,中航华府 ,4室2厅,108.94平米,南 北,精装,低楼层(共33层),板楼,230万
西安,智慧新城 ,2室1厅,87.76平米,东,精装,高楼层(共31层),板塔结合,141万
西安,旭景碧泽园 ,3室2厅,127.31平米,南 北,精装,低楼层(共20层),板塔结合,167万
西安,北城新天地 ,3室2厅,61.97平米,西南,精装,高楼层(共16层),塔楼,69万
西安,绿地香树花城 ,4室2厅,160.42平米,南 北,精装,6层,板楼,325万
西安,青海园区 ,3室2厅,97.64平米,南 北,精装,低楼层(共6层),暂无数据,79.8万
西安,群星莱骊 ,3室2厅,128.4平米,南 北,简装,低楼层(共33层),暂无数据,129万
西安,白桦林居小区 ,2室2厅,90.21平米,南 北,其他,中楼层(共26层),塔楼,136万
西安,机关小区 ,2室1厅,79.01平米,东南,精装,中楼层(共7层),板塔结合,90万
西安,西航花园 ,4室2厅,131.92平米,南 北,精装,低楼层(共3层),板楼,115万
西安,伟业公馆 ,6室4厅,133.06平米,南 北,精装,低楼层(共33层),板塔结合,440万
西安,乔布斯公馆二期 ,2室1厅,40.14平米,西,精装,高楼层(共20层),塔楼,79.9万
西安,尚品桃源居 ,3室1厅,144.27平米,南 北,毛坯,低楼层(共6层),板楼,183万
西安,御锦城智慧树 ,3室2厅,109.61平米,南 北,精装,中楼层(共33层),板楼,195万
西安,万国远鉴名筑 ,2室1厅,93.8平米,南,简装,低楼层(共26层),板塔结合,117万
西安,万科金域东郡 ,3室2厅,88.46平米,南,简装,高楼层(共34层),板楼,172万
西安,智慧城 ,3室2厅,115.25平米,东南,精装,中楼层(共11层),塔楼,155万
西安,博尚希望城 ,2室2厅,96.61平米,南,精装,27层,平房,83.9万
西安,吉源花园 ,3室2厅,112.83平米,南 北,简装,低楼层(共12层),板楼,110万
西安,彩云郡 ,2室1厅,87.89平米,南 北,精装,高楼层(共6层),板楼,105万
西安,铭城16号 ,2室1厅,70.17平米,东,简装,中楼层(共33层),板塔结合,116万
西安,更新小区东区 ,2室1厅,61.18平米,南 北,简装,中楼层(共7层),板楼,55万
太原,都司街17号 ,3室2厅,123.23平米,南 北,简装,中楼层(共6层),暂无数据,104万
太原,柳溪花园 ,2室2厅,102平米,东南,其他,低楼层(共33层),板楼,71万
太原,兰亭・御湖城东区 ,2室2厅,84.64平米,东 南,精装,中楼层(共33层),板塔结合,85万
太原,万科金域国际 ,2室1厅,91.33平米,南 北,其他,低楼层(共33层),板楼,95万
太原,辰兴・优山美郡 ,3室2厅,155.51平米,南 北,简装,中楼层(共26层),板楼,120.5万
太原,当代MOMA沿湖城 ,3室2厅,130.92平米,南 北,精装,低楼层(共33层),板楼,128万
太原,万国城MOMA ,4室2厅,308.97平米,南 北,精装,低楼层(共33层),板塔结合,303万
太原,华宇绿洲 ,5室2厅,371.65平米,南 北,简装,3层,板塔结合_联排别墅,498万
太原,澳林滨河花园 ,3室2厅,137.12平米,南 北,简装,中楼层(共28层),板塔结合,136万
太原,晋商银行宿舍 ,2室2厅,98.62平米,南 北,精装,高楼层(共6层),板楼,85万
太原,十八中宿舍 ,2室1厅,66.56平米,南 北,简装,高楼层(共6层),暂无数据,91.8万
太原,山西财经大学家属楼北校区 ,3室1厅,79.33平米,南 北,精装,高楼层(共5层),板楼,84.5万
太原,万达天玺小区 ,3室1厅,140.13平米,南 北,其他,中楼层(共32层),板楼,229万
太原,湖滨文锦苑 ,3室1厅,143.23平米,南 北,简装,中楼层(共20层),板楼,118万
太原,绿缘小区 ,3室2厅,123.21平米,南 北,其他,高楼层(共6层),暂无数据,95万
太原,桃园四巷北一条 ,2室1厅,53.66平米,南 北,简装,低楼层(共4层),板楼,54万
太原,恒大绿洲西区 ,3室2厅,97.43平米,南 北,精装,低楼层(共22层),板塔结合,115万
太原,万科蓝山五期 ,3室2厅,120.86平米,南 北,精装,高楼层(共15层),板楼,146万
太原,三桥街西 ,3室1厅,99.5平米,南 北,简装,高楼层(共6层),板楼,75万
太原,柳溪花园 ,2室1厅,120.06平米,东 南,精装,中楼层(共34层),板塔结合,95万
太原,泛华盛世小区 ,3室2厅,126.04平米,南 北,简装,高楼层(共19层),板楼,123万
太原,水干校宿舍 ,3室1厅,85.01平米,东 西,简装,中楼层(共5层),板楼,70.5万
太原,半坡西街小区 ,3室2厅,131.66平米,南 北,精装,高楼层(共16层),板楼,99万
太原,保利香槟国际 ,4室2厅,132.43平米,南 北,简装,低楼层(共30层),板楼,189万
太原,山西省生命与医药科学研究院宿舍 ,2室1厅,58.17平米,南 北,简装,中楼层(共5层),板楼,47万
太原,理工大西区 ,3室1厅,61.68平米,南 北,其他,中楼层(共5层),板楼,40万
太原,中国铁建电气化局集团二公司住宅小区 ,3室2厅,119.11平米,北 南 西,精装,中楼层(共6层),板楼,65万
太原,供销社北院 ,2室1厅,70.86平米,南 北,精装,高楼层(共4层),板楼,62万
太原,辰兴・优山美郡 ,3室2厅,154.37平米,南 北,精装,中楼层(共29层),板楼,120万
太原,安金丽园 ,2室2厅,111.91平米,南 北,精装,中楼层(共30层),板楼,105万
太原,市建二公司宿舍 ,3室2厅,104平米,南 北,简装,中楼层(共6层),板楼,85万
太原,省人大宿舍院 ,4室1厅,113.37平米,南 北,简装,中楼层(共4层),暂无数据,102万
太原,泛华盛世小区 ,4室1厅,126.04平米,南 北,精装,高楼层(共19层),板楼,135万
太原,阳光地带 ,6室3厅,300.34平米,南 北,精装,低楼层(共8层),板楼,366万
太原,劲松北路9号院 ,3室2厅,124.38平米,南 北,简装,中楼层(共7层),板楼,152万
太原,观湖印象 ,3室2厅,126.59平米,东南,精装,中楼层(共22层),塔楼,111万
太原,新闻小区 ,3室1厅,78.75平米,东 西,其他,中楼层(共5层),板楼,89万
太原,万达天玺小区 ,3室1厅,161.05平米,南 北,精装,高楼层(共32层),板楼,225万
太原,纺织苑・A区 ,3室2厅,98.78平米,南 北,简装,低楼层(共6层),板楼,89.5万
太原,辰兴・优山美郡 ,3室2厅,152.67平米,南,毛坯,高楼层(共26层),板楼,116万
太原,漪汾仙庄 ,3室2厅,85.46平米,南 北,简装,中楼层(共5层),板楼,65万
太原,富力华庭D区 ,3室2厅,123.8平米,南 北,毛坯,高楼层(共33层),板楼,170万
太原,辰兴・优山美郡 ,3室2厅,151.21平米,南 北,精装,低楼层(共27层),板楼,116万
太原,计委信息中心宿舍 ,2室1厅,60.9平米,南 北,简装,中楼层(共5层),板楼,39.5万
太原,铁十二局医院宿舍 ,3室2厅,99.2平米,南 北,精装,低楼层(共4层),暂无数据,69万
太原,恒大绿洲西西区 ,3室2厅,97.14平米,南 北,精装,低楼层(共26层),板塔结合,100万
太原,奥林花园 ,3室1厅,143.05平米,南,精装,中楼层(共14层),板楼,135万
太原,梧桐院 ,2室1厅,89.84平米,南,精装,高楼层(共32层),板楼,95万
太原,丽都美墅 ,3室1厅,98.41平米,南 北,简装,高楼层(共7层),板塔结合,52万
太原,辰兴・优山美郡 ,3室2厅,158.31平米,南 北,精装,低楼层(共28层),板楼,118万
太原,百货公司宿舍(迎泽区) ,2室1厅,55.04平米,南 北,简装,高楼层(共4层),板楼,50万
太原,万水澜庭 ,3室2厅,132.87平米,南,毛坯,低楼层(共29层),板楼,104万
太原,北美晶域蓝湾南区 ,4室2厅,282.11平米,南,简装,高楼层(共12层),板楼,330万
太原,阳光汾河湾A 区 ,2室1厅,102.85平米,南 北,简装,低楼层(共31层),塔楼,128万
太原,万科太原小镇 ,3室1厅,105.47平米,南 北,精装,低楼层(共20层),板楼,89万
太原,保利梧桐语 ,2室1厅,90.71平米,南,精装,低楼层(共32层),塔楼,100万
太原,景秀苑北区 ,4室2厅,174.25平米,南 北,简装,高楼层(共11层),板楼,160万
太原,富力华庭C区 ,3室2厅,134.79平米,南 北,精装,低楼层(共27层),板楼,169万
太原,万水澜庭 ,3室2厅,149.47平米,南 北,精装,高楼层(共29层),板楼,168万
太原,兰亭・御湖城东区 ,3室1厅,133.31平米,南 北,精装,中楼层(共32层),板塔结合,146.5万
成都,镏金岁月 ,3室1厅,110.74平米,西南,精装,高楼层(共33层),2010年建_塔楼,300万
成都,华润金悦湾 ,4室2厅,210.97平米,东北,精装,中楼层(共22层),2014年建_板楼,600万
成都,本固楼 ,3室1厅,133.77平米,东南,简装,中楼层(共8层),2000年建_板楼,130万
成都,景茂名都东郡 ,4室2厅,116.76平米,东,精装,高楼层(共13层),板楼,270万
成都,柏仕晶舍 ,4室1厅,188.22平米,东 西,精装,高楼层(共4层),板楼,506万
成都,翡翠城一期 ,4室1厅,195.99平米,西北,简装,高楼层(共11层),2004年建_板塔结合,730万
成都,成都后花园二期 ,5室2厅,298.18平米,东南,毛坯,下叠(共5层),2011年建_板塔结合_叠拼别墅,460万
成都,蓝光金悦派 ,3室1厅,78.03平米,南,精装,高楼层(共33层),2017年建_塔楼,197万
成都,万景峰一期 ,3室1厅,82.73平米,西北,精装,高楼层(共33层),2012年建_板塔结合,110万
成都,成飞817小区 ,2室2厅,81.34平米,南 北,简装,低楼层(共6层),1999年建_板塔结合,100万
成都,华润二十四城四期 ,3室1厅,88.35平米,东 东南,精装,中楼层(共31层),2013年建_板塔结合,263万
成都,银丰别墅 ,4室2厅,152.76平米,北,精装,高楼层(共4层),平房,138万
成都,万峰城B区MINI公馆 ,3室2厅,80.1平米,南,精装,高楼层(共27层),塔楼,75.8万
成都,恒大天府半岛 ,3室2厅,148.1平米,东 西,精装,低楼层(共33层),2017年建_塔楼,290万
成都,万峰城B区MINI公馆 ,3室1厅,80.56平米,西南,简装,中楼层(共27层),板塔结合,72万
成都,中国铁建北湖国际城二期 ,3室1厅,81.12平米,南,精装,高楼层(共35层),2018年建_板塔结合,142万
成都,星河路社区 ,3室2厅,83.63平米,东南,简装,中楼层(共7层),1999年建_板塔结合,95万
成都,雄飞生活广场 ,3室1厅,91.46平米,南,简装,低楼层(共37层),板塔结合,115万
成都,金沙国际花园 ,4室2厅,149.58平米,东南,简装,高楼层(共6层),2005年建_板楼,258万
成都,星辉中路14号 ,3室1厅,68.75平米,西南,简装,低楼层(共7层),2000年建_板楼,74万
成都,天来国际文化广场 ,4室2厅,178平米,南 北,毛坯,中楼层(共32层),2019年建_板塔结合,210万
成都,保利国宾首府二期 ,4室2厅,140.36平米,东南,精装,低楼层(共27层),板楼,298万
成都,丽都花园丽府 ,4室2厅,143.53平米,东南,精装,高楼层(共18层),2011年建_板楼,400万
成都,富丽东方 ,3室2厅,88.25平米,东南,简装,中楼层(共33层),2008年建_塔楼,165万
成都,金座威尼谷 ,3室2厅,95.12平米,东南,简装,中楼层(共24层),2015年建_板塔结合,175万
成都,优品尚东 ,3室2厅,124.84平米,南 北,简装,中楼层(共18层),2009年建_板塔结合,230万
成都,翠风苑公寓一期 ,3室2厅,125.05平米,南,简装,中楼层(共7层),1995年建_板楼,263万
成都,瑞苑 ,7室1厅,168.93平米,东南,精装,中楼层(共7层),1998年建_板楼,135万
成都,新界三期 ,3室1厅,105.2平米,西北,精装,高楼层(共8层),2011年建_板楼,285万
成都,新界三期 ,4室2厅,143.28平米,东南 西北,毛坯,中楼层(共8层),2011年建_板楼,318万
成都,四海逸家二期 ,5室2厅,87.19平米,东北,精装,低楼层(共34层),2013年建_板塔结合,406万
成都,贝森宜苑 ,4室2厅,145.79平米,南,精装,高楼层(共7层),2000年建_板楼,216万
成都,长虹和悦府 ,3室2厅,75.13平米,东南 东,精装,高楼层(共20层),2015年建_板塔结合,185万
成都,置信逸都B区 ,3室2厅,119.38平米,西南,精装,高楼层(共33层),2014年建_板塔结合,123万
成都,边城香格里 ,3室1厅,117.35平米,西北,简装,高楼层(共17层),2011年建_板塔结合,140万
成都,万景峰一期 ,5室2厅,108.98平米,东,精装,低楼层(共33层),2012年建_板塔结合,175万
成都,富丽碧蔓汀 ,4室1厅,109.85平米,东南,简装,高楼层(共26层),2009年建_板楼,218万
成都,卫雅苑 ,3室2厅,119.17平米,东南,简装,高楼层(共7层),2000年建_板楼,129万
成都,温资金港华府 ,3室2厅,96.09平米,南,精装,高楼层(共17层),2017年建_塔楼,168万
成都,汇厦少城琴台府 ,3室1厅,97.05平米,东南,精装,39层,2014年建_板塔结合,300万
成都,润扬双铁广场 ,2室1厅,51.62平米,东,精装,中楼层(共26层),2015年建_板塔结合,73万
成都,中冶中央公园 ,3室1厅,79.5平米,东北,精装,低楼层(共32层),板塔结合,77万
成都,紫御熙庭 ,4室2厅,114.63平米,南,精装,高楼层(共21层),2017年建_板塔结合,346万
成都,中粮香颂丽都 ,3室2厅,88.76平米,东南,精装,中楼层(共19层),2015年建_板楼,246万
成都,西大街97号 ,3室1厅,65.72平米,东南,简装,高楼层(共6层),2000年建_板楼,105万
成都,蜀郡 ,3室1厅,126.67平米,南,简装,中楼层(共4层),2010年建_板塔结合,289万
成都,国栋南园贰号 ,3室2厅,88.15平米,东南,毛坯,低楼层(共15层),2017年建_塔楼,116万
成都,溪地湾 ,3室2厅,120.31平米,西南,精装,高楼层(共33层),2015年建_塔楼,172万
成都,双槐树街76号 ,2室1厅,47.91平米,南,简装,中楼层(共5层),1970年建_板楼,76万
成都,蓝光COCO金沙三期 ,3室1厅,62.07平米,西 西南,精装,高楼层(共22层),2015年建_板塔结合,158万
成都,均隆街61号 ,2室1厅,92平米,西,精装,中楼层(共16层),塔楼,213万
成都,龙城国际 ,3室2厅,111.05平米,西南,精装,高楼层(共33层),2013年建_板塔结合,148万
成都,新城吾悦广场 ,3室1厅,81.59平米,西北,精装,高楼层(共32层),2016年建_板塔结合,146.5万
成都,华润二十四城五期 ,3室1厅,84.02平米,南,精装,中楼层(共32层),2014年建_塔楼,239.8万
成都,双楠谊苑一期 ,2室1厅,96.38平米,西南,简装,高楼层(共7层),1998年建_板楼,128万
成都,上风瑞庭 ,4室2厅,133.03平米,西南,精装,低楼层(共6层),2012年建_板塔结合,142.5万
成都,锦东庭园 ,3室2厅,112.29平米,西南,精装,中楼层(共34层),2013年建_板楼,285万
成都,蓝光圣菲town城 ,3室2厅,87.96平米,西,简装,低楼层(共23层),2009年建_塔楼,130万
成都,天邑宏御花园宏苑 ,3室1厅,113.35平米,东南,精装,低楼层(共23层),2016年建_板楼,115万
成都,龙舟路55号 ,3室1厅,81.67平米,南,毛坯,低楼层(共7层),板楼,88.8万
海口,海尚明居 ,4室2厅,130.45平米,南 北,精装,低楼层(共20层),板塔结合,248.3万
海口,鲁能・钓鱼台・美高梅 ,2室2厅,74.69平米,南,精装,20层,板塔结合,165万
海口,千禧郎8号 ,3室2厅,126.18平米,南,其他,高楼层(共24层),板塔结合,188万
海口,万福新村 ,2室2厅,68.21平米,南,简装,中楼层(共8层),板楼,86万
海口,海口恒大美丽沙 ,4室2厅,99.85平米,南,精装,12层,板塔结合,258万
海口,紫荆花园一期 ,4室2厅,190.18平米,南 北,精装,高楼层(共20层),板塔结合,405万
海口,新世界花园 ,2室2厅,83.32平米,北,精装,9层,板楼,135万
海口,蓝水湾（二期） ,2室2厅,79.04平米,东南,简装,高楼层(共25层),塔楼,150万
海口,绿地・海德公馆 ,3室1厅,83.37平米,南,简装,33层,板塔结合,199万
海口,花漾年 ,3室2厅,87.63平米,南,精装,中楼层(共26层),板楼,182万
海口,绿地・海德公馆 ,3室2厅,83.76平米,南,精装,33层,板塔结合,202万
海口,水岸听涛 ,1室1厅,46.1平米,南 北,其他,中楼层(共26层),板楼,73万
海口,金泰大厦 ,3室1厅,172平米,南,简装,高楼层(共21层),塔楼,135万
海口,海岸赛拉维 ,4室2厅,144.05平米,南 北,毛坯,19层,板塔结合,270万
海口,瑞州嘉园 ,3室2厅,117.58平米,南,毛坯,18层,塔楼,224万
海口,和风江岸 ,3室2厅,124.25平米,东北,毛坯,高楼层(共33层),板塔结合,288万
海口,江南城 ,4室2厅,200.61平米,南,精装,低楼层(共3层),板塔结合,600万
海口,蔚蓝海语印象 ,3室2厅,193.62平米,南 北,精装,中楼层(共25层),板楼,320万
海口,展兴高新花园 ,4室2厅,143.66平米,东南,精装,中楼层(共22层),板塔结合,208万
海口,南海幸福城 ,4室2厅,116平米,南 北,精装,24层,板塔结合,203.5万
海口,天伦誉海湾 ,3室2厅,118.98平米,北,毛坯,高楼层(共26层),塔楼,243万
海口,金碧雅苑 ,3室2厅,120.63平米,东南,精装,11层,板塔结合,190万
海口,海汽物业小区 ,2室2厅,76.02平米,东北,简装,中楼层(共12层),暂无数据,88万
海口,蓝水湾（二期） ,3室2厅,92.92平米,南,其他,高楼层(共24层),塔楼,178万
海口,新世界花园 ,2室2厅,98.46平米,南,精装,9层,塔楼,164万
海口,海航国兴城 ,4室2厅,168.19平米,南 北,精装,中楼层(共31层),板楼,418万
海口,福美公寓 ,3室2厅,132.31平米,东南,精装,中楼层(共11层),板塔结合,215万
海口,绿地・海德公馆 ,2室2厅,66平米,南,毛坯,33层,板塔结合,158万
海口,濠江花园 ,1室1厅,51.07平米,东南,精装,高楼层(共20层),板塔结合,95万
海口,五源河公寓二期（C区） ,3室2厅,127平米,东南,毛坯,31层,板塔结合,185万
海口,碧桂园・中央首府 ,3室2厅,101.85平米,南,精装,中楼层(共24层),板塔结合,185万
海口,颐养公社・阳光城 ,2室2厅,84.33平米,南,毛坯,18层,板塔结合,160万
海口,水岸阳光A区 ,2室1厅,65.72平米,南,其他,低楼层(共26层),板塔结合,107.5万
海口,现代花园三期 ,3室2厅,143.45平米,南 北,精装,中楼层(共28层),板楼,260万
海口,恒大海口文化旅游城 ,3室2厅,104平米,东北,精装,高楼层(共24层),板塔结合,102万
海口,濠江壹号 ,3室1厅,94.28平米,北,简装,16层,板塔结合,168万
海口,大通小区 ,2室2厅,88.74平米,南 北,简装,高楼层(共8层),板楼,80万
海口,家顺花园 ,2室2厅,86.35平米,南,毛坯,15层,板塔结合,135万
海口,碧桂园・滨江海岸（三期） ,2室1厅,64.46平米,东南,精装,中楼层(共25层),塔楼,85万
海口,水岸阳光A区 ,3室1厅,102.58平米,东南,精装,中楼层(共26层),塔楼,143万
海口,中天海景 ,2室1厅,63.51平米,南,精装,中楼层(共19层),板塔结合,90万
海口,东汇西海岸 ,3室2厅,103.9平米,南 北,精装,17层,板塔结合,170万
海口,海南政法职业学院 ,3室2厅,100.45平米,南 北,其他,中楼层(共8层),暂无数据,130万
海口,海南省日用杂品公司宿舍 ,3室2厅,91.37平米,南 北,简装,中楼层(共9层),暂无数据,120万
海口,西城1号 ,2室2厅,85.52平米,南,精装,高楼层(共19层),板楼,142万
海口,法官公寓 ,4室2厅,124.53平米,东 南,其他,低楼层(共6层),板楼,160万
海口,金隅大成西溪里 ,2室2厅,87.98平米,南 北,其他,23层,板塔结合,171万
海口,气象苑小区 ,3室2厅,105.75平米,北 南,简装,中楼层(共9层),暂无数据,160万
海口,驰天钰园 ,3室2厅,116.2平米,南 北,简装,中楼层(共13层),板楼,174.3万
海口,枫丹白露 ,4室2厅,154.5平米,南 北,精装,低楼层(共18层),板楼,290万
海口,锦地翰城 ,3室2厅,117平米,南 北,其他,高楼层(共24层),塔楼,212万
海口,金鹿花苑 ,6室3厅,95.77平米,南,精装,中楼层(共7层),暂无数据,163万
海口,蓝水湾（二期） ,4室2厅,127.39平米,南,精装,中楼层(共25层),塔楼,240万
海口,万福新村 ,2室2厅,68.11平米,南,其他,中楼层(共9层),板楼,80万
海口,铂领公馆 ,3室2厅,142.24平米,南 北,精装,22层,板楼,200万
海口,厚土珊瑚湾 ,2室2厅,78.12平米,北,简装,高楼层(共26层),板塔结合,141万
海口,七彩阳光 ,3室2厅,133.11平米,东南,简装,低楼层(共18层),暂无数据,150万
海口,汇宇金城 ,3室2厅,124.88平米,东南,其他,低楼层(共22层),板楼,155万
海口,棕榈泉 ,2室2厅,80.47平米,北,精装,中楼层(共7层),板塔结合,150万
海口,厚土珊瑚湾 ,2室1厅,81.83平米,南,精装,低楼层(共24层),板塔结合,149万
广州,富力桃园 ,2室1厅,76.29平米,西南,精装,低楼层(共32层),2004年建_塔楼,261万
广州,新塘新世界花园万象苑 ,4室2厅,128.81平米,东南,精装,中楼层(共18层),2012年建_塔楼,320万
广州,豪进山湖BZ ,4室2厅,188.3平米,东南,毛坯,低楼层(共31层),2011年建_塔楼,375万
广州,新都盛世名门 ,4室2厅,147.3平米,东南,精装,高楼层(共28层),2012年建_塔楼,280万
广州,园圃路 ,3室1厅,93.65平米,东南,简装,中楼层(共6层),平房,65万
广州,金地荔湖城公园上城 ,5室3厅,167.41平米,南 北,毛坯,低楼层(共3层),暂无数据,300万
广州,凯德山海连城 ,4室1厅,182.53平米,南,精装,28层,塔楼,500万
广州,凯旋新世界广粤尊府 ,3室2厅,199.07平米,西南,精装,低楼层(共16层),2012年建_塔楼,1759万
广州,华港花园 ,3室2厅,87.42平米,西南,简装,中楼层(共28层),2004年建_塔楼,540万
广州,雅居乐雍逸豪庭 ,4室2厅,159.67平米,东南,精装,中楼层(共18层),2009年建_塔楼,435万
广州,富力环市西苑 ,2室1厅,65.38平米,西南,精装,中楼层(共15层),2000年建_塔楼,325万
广州,中山三路 ,3室2厅,108.47平米,东 南 西,精装,高楼层(共9层),1995年建_塔楼,388万
广州,沙涌新村 ,2室1厅,50.67平米,东南,简装,低楼层(共7层),1995年建_塔楼,130万
广州,景新豪苑 ,3室1厅,101.8平米,东南,精装,中楼层(共11层),2016年建_塔楼,146万
广州,光明南路 ,3室2厅,101.4平米,南,其他,中楼层(共7层),塔楼,128万
广州,冠庭园 ,2室1厅,51.52平米,东,精装,低楼层(共6层),2001年建_塔楼,172万
广州,宝华路(花都) ,3室2厅,91.06平米,南,精装,中楼层(共8层),塔楼,89万
广州,松涛南苑 ,2室2厅,62.92平米,东南,其他,低楼层(共8层),2000年建_塔楼,150万
广州,周门小区周门西街 ,2室1厅,44.09平米,北,简装,中楼层(共9层),1998年建_塔楼,155万
广州,南沙碧桂园豪庭 ,3室2厅,101.82平米,东北,精装,高楼层(共18层),塔楼,210万
广州,豪进山湖BZ ,3室1厅,123.35平米,南,精装,低楼层(共20层),2011年建_塔楼,230万
广州,广州雅居乐花园雅湖居 ,4室2厅,145.99平米,东南 南,其他,1层,2010年建_塔楼_独栋别墅,539万
广州,怡港花园 ,6室2厅,237.76平米,东南,毛坯,高楼层(共24层),2006年建_塔楼,797万
广州,金乐大厦 ,3室2厅,124.75平米,东南,简装,中楼层(共17层),1999年建_塔楼,470万
广州,人盛巴厘天地 ,2室1厅,82.1平米,南,毛坯,高楼层(共17层),塔楼,69万
广州,金泽豪庭 ,2室1厅,82.73平米,北,精装,高楼层(共27层),2009年建_塔楼,145万
广州,尚东阳光雅苑 ,2室1厅,86.69平米,南,简装,中楼层(共30层),塔楼,178万
广州,亚太新城亚太银座一期 ,4室2厅,93.16平米,南,精装,低楼层(共17层),塔楼,183万
广州,汇东国际花园 ,3室1厅,129.9平米,南 北,简装,高楼层(共28层),2012年建_塔楼,250万
广州,珠光御景山水城 ,4室2厅,142.72平米,南,毛坯,中楼层(共31层),2014年建_板楼,118万
广州,新塘广场 ,3室1厅,102.37平米,西南,简装,高楼层(共29层),2000年建_塔楼,128万
广州,富力金港城南区 ,2室2厅,82.14平米,北,简装,中楼层(共19层),2012年建_塔楼,48万
广州,碧桂园凤凰城凤馨苑 ,3室1厅,101.06平米,南,精装,高楼层(共18层),2002年建_塔楼,168万
广州,敏捷锦绣天伦 ,2室2厅,80.85平米,北,简装,高楼层(共32层),2015年建_塔楼,145万
广州,新都盛世名门 ,2室1厅,75.75平米,北,简装,高楼层(共11层),2008年建_塔楼,159万
广州,水电二局宿舍 ,3室2厅,67.9平米,南,简装,中楼层(共6层),板楼,98万
广州,中山路52号 ,3室1厅,117.17平米,南,简装,高楼层(共5层),暂无数据,62万
广州,广州海伦堡 ,2室2厅,84.71平米,南,精装,中楼层(共18层),2012年建_塔楼,135万
广州,新塘新世界花园万象苑 ,4室1厅,139.44平米,南 北,精装,中楼层(共18层),2012年建_塔楼,330万
广州,东方夏湾拿 ,4室2厅,144.01平米,东南,简装,3层,板塔结合_独栋别墅,247万
广州,新塘新世界花园万象苑 ,4室2厅,128.03平米,南 北,精装,中楼层(共18层),2012年建_塔楼,320万
广州,历德雅舍 ,4室2厅,140平米,南,精装,中楼层(共30层),2007年建_塔楼,916万
广州,中海花城湾 ,4室2厅,285.46平米,南,精装,低楼层(共40层),2014年建_塔楼,2645万
广州,佳兆业城市广场 ,4室2厅,126.51平米,南,精装,低楼层(共38层),2020年建_塔楼,450万
广州,金地香山湖 ,3室2厅,108.1平米,南,毛坯,低楼层(共33层),2018年建_塔楼,104.5万
广州,豪进山湖BZ ,3室2厅,94.79平米,南,精装,高楼层(共33层),2013年建_塔楼,230万
广州,岭南首府 ,3室2厅,97.24平米,南 北,精装,高楼层(共13层),2007年建_塔楼,120万
广州,合景花漫里 ,3室2厅,85.63平米,北,精装,低楼层(共33层),2017年建_塔楼,108万
广州,保利东江首府 ,3室1厅,120.36平米,南,精装,中楼层(共32层),2012年建_塔楼,240万
广州,丰泰城市公馆 ,3室1厅,124.02平米,南,精装,高楼层(共23层),2015年建_塔楼,199万
广州,敏捷莱茵花园 ,3室2厅,94.49平米,西,精装,中楼层(共26层),2012年建_塔楼,128万
广州,碧桂园城市花园漫绿苑 ,3室2厅,79.54平米,东,精装,中楼层(共25层),2017年建_板塔结合,126万
广州,东晖名苑 ,3室2厅,130.84平米,南 北,精装,高楼层(共8层),板楼,208万
广州,汇东国际花园 ,2室1厅,87.14平米,东南,毛坯,低楼层(共28层),2016年建_塔楼,163万
广州,锦绣新天地 ,4室2厅,188.42平米,南,毛坯,中楼层(共28层),2009年建_塔楼,258万
广州,石滩第一城 ,3室2厅,118.82平米,东北,精装,中楼层(共17层),2018年建_塔楼,93万
广州,奥园誉o ,3室2厅,95.33平米,南,精装,高楼层(共32层),2019年建_塔楼,135万
广州,敏捷莱茵花园 ,4室2厅,141.98平米,南 北,毛坯,高楼层(共24层),2012年建_塔楼,172万
广州,碧桂园凤凰城凤馨苑 ,3室2厅,93.58平米,北,精装,低楼层(共6层),2008年建_塔楼,138万
广州,翡翠城 ,2室1厅,85.67平米,南,毛坯,高楼层(共9层),塔楼,55万
贵阳,广信四季家园 ,3室1厅,90.6平米,南,其他,低楼层(共7层),板塔结合,58.8万
贵阳,美的林城时代北区 ,4室2厅,141.37平米,南 北,精装,低楼层(共32层),板塔结合,258万
贵阳,山水黔城九组团 ,3室2厅,131.4平米,南,精装,中楼层(共27层),板塔结合,93万
贵阳,碧潭园・珑h ,3室1厅,110.71平米,南,精装,低楼层(共34层),板塔结合,122.8万
贵阳,远大生态风景 ,3室2厅,129.87平米,南,简装,低楼层(共11层),板塔结合,120万
贵阳,恒大城 ,3室2厅,126平米,东南 西北,精装,低楼层(共32层),塔楼,85万
贵阳,万科城 ,3室1厅,76.44平米,东 西,精装,低楼层(共34层),板塔结合,58万
贵阳,梦想典城 ,4室2厅,141.83平米,东南,其他,高楼层(共31层),塔楼,200万
贵阳,中央国际智苑  ,3室2厅,114.23平米,南,其他,低楼层(共48层),板塔结合,76.8万
贵阳,美的林城时代南区 ,2室2厅,87.32平米,南,精装,高楼层(共32层),板楼,107万
贵阳,金阳新世界翰临境 ,2室1厅,65.34平米,西,毛坯,高楼层(共25层),板塔结合,62万
贵阳,石园村 ,3室2厅,71.23平米,南 北,简装,低楼层(共7层),板塔结合,38万
贵阳,万科悦城 ,3室1厅,87.5平米,南,精装,高楼层(共32层),板塔结合,81.6万
贵阳,花果园X区 ,2室1厅,66.78平米,东南 东 南,精装,高楼层(共44层),塔楼,43万
贵阳,世纪城龙祺苑 ,3室2厅,135.95平米,东南,精装,中楼层(共30层),塔楼,98万
贵阳,中国科学院地球化学研究所 ,3室2厅,70.49平米,南,精装,中楼层(共6层),板楼,130万
贵阳,睿力上城 ,3室1厅,123.13平米,南,其他,低楼层(共26层),板塔结合,155万
贵阳,瑞和家园 ,3室1厅,91.64平米,东南,其他,中楼层(共7层),板楼,60万
贵阳,远大生态风景 ,2室2厅,96.44平米,南,精装,中楼层(共33层),板塔结合,86万
贵阳,中天会展城B区七组团 ,3室2厅,139.46平米,南,毛坯,中楼层(共18层),塔楼,125万
贵阳,恒森自在城 ,3室2厅,100.19平米,东南,精装,高楼层(共32层),板楼,75万
贵阳,万科大都会南区 ,3室1厅,83.16平米,东南,精装,中楼层(共35层),塔楼,75万
贵阳,山水黔城七组团 ,3室2厅,139.29平米,东南,精装,中楼层(共20层),平房,90万
贵阳,贵筑路建国楼 ,3室2厅,101平米,南 北,简装,高楼层(共7层),板楼,53万
贵阳,龙宇苑 ,3室2厅,110平米,南 北,精装,低楼层(共30层),板楼,91.6万
贵阳,山水黔城一组团 ,3室1厅,133.91平米,西北,精装,中楼层(共34层),板塔结合,96.8万
贵阳,贵阳宇虹万花城 ,3室2厅,95.61平米,南,简装,中楼层(共32层),板塔结合,82万
贵阳,龙宇苑 ,3室2厅,113平米,西南,精装,高楼层(共30层),板楼,86万
贵阳,睿力上城 ,2室2厅,90.74平米,南 北,简装,高楼层(共25层),塔楼,137万
贵阳,花果园T2区 ,3室1厅,86.29平米,东,精装,高楼层(共47层),塔楼,60万
贵阳,未来方舟G1组团 ,4室2厅,137.38平米,东南,简装,中楼层(共33层),板楼,133万
贵阳,龙锦苑 ,3室1厅,96.76平米,东南 南,精装,低楼层(共25层),板楼,95.8万
贵阳,龙耀苑 ,3室2厅,113.67平米,东南,精装,中楼层(共30层),板塔结合,105.8万
贵阳,云城尚品A3区 ,3室2厅,83.74平米,东南,精装,中楼层(共29层),塔楼,75.2万
贵阳,贝地卢加诺 ,4室2厅,134.64平米,东南,精装,中楼层(共18层),板楼,92.6万
贵阳,金阳新世界水临境 ,3室1厅,119.29平米,南,精装,中楼层(共11层),板塔结合,131万
贵阳,华峰二区 ,2室2厅,62.2平米,东南,简装,中楼层(共6层),板楼,38万
贵阳,中天托斯卡纳22组团 ,4室3厅,200.17平米,南,精装,低楼层(共5层),板塔结合,153万
贵阳,中铁逸都国际F区 ,3室1厅,125平米,南,毛坯,中楼层(共7层),板楼,120万
贵阳,花果园U区 ,3室1厅,98.88平米,西南,精装,低楼层(共47层),板塔结合,61万
贵阳,观山湖一号 ,3室2厅,137平米,南 北,简装,高楼层(共31层),板塔结合,120万
贵阳,教师新村 ,3室1厅,97平米,东,精装,低楼层(共8层),板塔结合,69万
贵阳,国水电九局 ,3室2厅,105平米,东南,简装,高楼层(共9层),板楼,63.8万
贵阳,碧桂园・星作 ,3室2厅,88.59平米,东南,精装,低楼层(共33层),暂无数据,130万
贵阳,宅吉小区 ,3室1厅,61平米,东,精装,高楼层(共6层),平房,62.8万
贵阳,帝Z佳苑 ,3室2厅,131平米,东南,简装,高楼层(共28层),塔楼,68万
贵阳,红豆巷26号 ,3室1厅,65.43平米,南,精装,中楼层(共7层),暂无数据,48万
贵阳,花果园J区 ,3室2厅,89平米,东南,精装,中楼层(共45层),塔楼,67.8万
贵阳,优品道・优品城邦 ,4室2厅,119.13平米,东南,精装,中楼层(共31层),塔楼,88.8万
贵阳,日化厂宿舍 ,2室1厅,56.5平米,东,简装,低楼层(共1层),板塔结合,29.8万
贵阳,花果园B南区 ,3室1厅,77.43平米,南,精装,中楼层(共29层),塔楼,69.8万
贵阳,麒麟苑 ,3室1厅,72平米,南,精装,低楼层(共34层),板楼,55万
贵阳,兴隆城市花园 ,5室2厅,173.8平米,南 北,精装,高楼层(共6层),板楼,92万
贵阳,一鸣・宽城国际 ,3室2厅,118.48平米,南,毛坯,高楼层(共35层),塔楼,67万
贵阳,中央国际智苑  ,3室1厅,85.78平米,东,精装,中楼层(共34层),板塔结合,71万
贵阳,中天山水园 ,3室2厅,120.8平米,东 西,简装,中楼层(共6层),板塔结合,88万
贵阳,龙凯苑 ,3室2厅,134.5平米,东南,简装,中楼层(共30层),板楼,98万
贵阳,世纪城龙泉苑东区 ,3室2厅,134.67平米,南,精装,中楼层(共30层),板塔结合,96.8万
贵阳,美的林城时代北区 ,3室2厅,127.02平米,南,精装,高楼层(共31层),板塔结合,210万
贵阳,万科悦城 ,3室2厅,116.65平米,南,精装,中楼层(共29层),板塔结合,106万
杭州,筑境花园 ,3室2厅,125.15平米,南,简装,中楼层(共9层),板楼,138万
杭州,三江新村 ,3室2厅,119.29平米,南,精装,6层,板楼,233万
杭州,广宇上东臻品 ,3室2厅,89.04平米,南 北,精装,16层,塔楼,295万
杭州,融创金成西溪海 ,3室1厅,89.08平米,南,精装,18层,板楼,265万
杭州,峰华花苑 ,4室2厅,158.74平米,南 北,精装,11层,板楼,210万
杭州,长岛绿园 ,5室2厅,288.01平米,南,简装,1层,板楼_联排别墅,650万
杭州,顺发和美家 ,5室2厅,90.03平米,南,简装,低楼层(共36层),塔楼,530万
杭州,星央悦府 ,4室2厅,116.33平米,南,精装,18层,平房,232万
杭州,红街公寓 ,3室2厅,125.76平米,东南,精装,18层,板塔结合,475万
杭州,碧桂园天麓府 ,3室2厅,86.69平米,南,简装,26层,板楼,235万
杭州,昆仑华府 ,3室2厅,88.91平米,南,简装,13层,板楼,256万
杭州,祥生云境 ,4室2厅,125.87平米,南,精装,中楼层(共11层),板楼,655万
杭州,海德公园 ,3室2厅,81.48平米,南 北,精装,18层,塔楼,300万
杭州,万科紫台 ,3室2厅,88.64平米,南,精装,17层,板楼,330万
杭州,融信澜天 ,3室2厅,88.34平米,南 西,精装,34层,板楼,290万
杭州,金色黎明三期 ,3室2厅,138.92平米,南,精装,16层,塔楼,620万
杭州,翠苑一区 ,2室1厅,47.16平米,南 北,简装,7层,板楼,198万
杭州,玲珑花园 ,4室2厅,251.63平米,南 西南,精装,4层,板楼_联排别墅,376万
杭州,远洋香奈 ,3室2厅,88.2平米,南 北,简装,高楼层(共16层),板楼,280万
杭州,方正荷塘月色 ,3室2厅,88.84平米,南,精装,25层,板楼,360万
杭州,大树路3号 ,4室2厅,89.93平米,南,精装,7层,板楼,415万
杭州,华元花涧堂 ,3室2厅,91.57平米,南,毛坯,8层,板楼,245万
杭州,天阅云合源 ,3室2厅,110.88平米,南,精装,高楼层(共14层),板楼,620万
杭州,金世纪红枫苑 ,3室2厅,100.3平米,南,简装,6层,板楼,180万
杭州,风雅钱塘 ,4室2厅,145平米,南,精装,33层,板楼,760万
杭州,伊世纪城市花园一区 ,3室2厅,112.62平米,南,精装,高楼层(共6层),板楼,235万
杭州,都会艺境 ,3室2厅,89.29平米,南,精装,高楼层(共33层),板楼,346万
杭州,美庐花园 ,6室2厅,130.39平米,东南,精装,低楼层(共6层),板楼,110万
杭州,绿地华家池印 ,3室2厅,89.53平米,南,精装,低楼层(共31层),板楼,620万
杭州,南都花园 ,3室1厅,75.23平米,南,简装,7层,塔楼,330万
杭州,君临天下 ,5室2厅,234.65平米,南,精装,高楼层(共29层),板塔结合,730万
杭州,杭州碧桂园 ,3室2厅,88.65平米,南,简装,33层,板楼,195万
杭州,金沙公寓 ,3室2厅,108.34平米,南,简装,中楼层(共6层),板楼,235万
杭州,融创瑷颐湾 ,4室2厅,119.63平米,南,精装,27层,板塔结合,416万
杭州,星桥桂花城 ,3室2厅,89.2平米,南,精装,5层,平房,193万
杭州,万科紫台 ,3室2厅,89.4平米,南 北,精装,17层,板楼,339万
杭州,融信杭州世纪 ,4室2厅,128.27平米,南,精装,高楼层(共24层),板塔结合,710万
杭州,龙湖武林九里 ,3室1厅,89.76平米,南,毛坯,低楼层(共17层),板楼,290万
杭州,福雷德广场 ,3室2厅,132.67平米,南 北,毛坯,20层,板塔结合,290万
杭州,临平桂花城北区 ,4室2厅,163.21平米,南,精装,高楼层(共11层),板楼,330万
杭州,龙湖旭辉春江悦茗 ,4室2厅,119.51平米,南,简装,30层,板塔结合,550万
杭州,丝织弄59号 ,2室1厅,56.68平米,南 北,精装,低楼层(共5层),板塔结合,120万
杭州,金地都会钱塘东区 ,3室2厅,89.98平米,南,精装,低楼层(共8层),板塔结合,315万
杭州,泊林印象 ,3室2厅,89.32平米,南,简装,11层,板楼,340万
杭州,凯文杭庄 ,3室1厅,140.11平米,南,毛坯,18层,板楼,265万
杭州,中国铁建保利像素 ,3室1厅,81.32平米,东南,精装,高楼层(共33层),板楼,212万
杭州,招商武林郡 ,3室2厅,88平米,东南,精装,16层,板楼,399万
杭州,世纪新城东区 ,3室2厅,138.11平米,南 西 北,简装,18层,板塔结合,798万
杭州,万科未来城二期 ,3室1厅,89.63平米,南,精装,11层,板塔结合,328万
杭州,中国铁建保利像素 ,3室2厅,77.62平米,南,精装,中楼层(共33层),板楼,210万
杭州,郡上蓝湾 ,3室2厅,87.86平米,南,毛坯,高楼层(共17层),板楼,255万
杭州,竹海水韵 ,3室1厅,89.64平米,南,简装,高楼层(共16层),板楼,205万
杭州,天城府 ,4室1厅,115.31平米,南,精装,中楼层(共16层),板楼,550万
杭州,理想康城国际 ,4室1厅,88.14平米,南,精装,33层,板楼,275万
杭州,金地艺境东区 ,3室2厅,87.93平米,南,精装,17层,板楼,245万
杭州,金地自在城乐活湾 ,3室2厅,88.22平米,南 北,精装,25层,板楼,320万
杭州,竹海水韵春风里 ,3室1厅,86.6平米,西南,精装,18层,板塔结合,240万
杭州,众孚水榭花都 ,5室2厅,133.61平米,南,简装,6层,板楼,218万
杭州,新月花园 ,3室1厅,106.54平米,南,精装,6层,板楼,185万
杭州,澜颂奥府 ,3室2厅,85.58平米,南,简装,27层,板楼,365万
福州,建行宿舍 ,3室2厅,98.62平米,东 南 北,精装,低楼层(共9层),板楼,435万
福州,新园C区 ,3室2厅,86.29平米,南 北,精装,低楼层(共9层),板楼,186万
福州,群升江山城 ,3室1厅,75.69平米,南,精装,高楼层(共32层),板楼,138万
福州,北尚B区 ,3室2厅,103.83平米,南 北,毛坯,高楼层(共14层),板楼,218万
福州,干警宿舍 ,3室2厅,94.15平米,东北,简装,中楼层(共9层),板楼,189万
福州,康桥丹堤 ,3室2厅,86.31平米,南,精装,高楼层(共40层),板楼,138万
福州,中庚城二期 ,3室2厅,179.44平米,南 北,精装,中楼层(共37层),板楼,580万
福州,旗山高校教师公寓 ,3室2厅,94.53平米,南 北,简装,低楼层(共7层),板塔结合,140万
福州,鳌祥佳园一区 ,3室2厅,106.39平米,南 西 北,精装,低楼层(共33层),板塔结合,200万
福州,中海寰宇天下 ,3室2厅,89.52平米,南 北,精装,低楼层(共33层),板塔结合,190万
福州,融侨宜家一期 ,3室2厅,79.44平米,南,精装,高楼层(共32层),板楼,105万
福州,群升江山城 ,3室1厅,75.41平米,东,精装,中楼层(共33层),板楼,158万
福州,溢景苑 ,2室1厅,54.59平米,南 西,精装,低楼层(共9层),暂无数据,170万
福州,名桂佳园 ,3室1厅,88.76平米,南 北,精装,中楼层(共18层),暂无数据,174万
福州,长春花园 ,3室2厅,96平米,南 北,简装,中楼层(共7层),板楼,210万
福州,实达文华公寓 ,3室2厅,106.94平米,南 北,简装,中楼层(共8层),板楼,255万
福州,逸园小区 ,3室2厅,100.88平米,南 北,精装,低楼层(共9层),板楼,188万
福州,贵安新天地贵府苑 ,1室1厅,53.89平米,南,精装,低楼层(共30层),板楼,34万
福州,贵安新天地贵府苑 ,2室1厅,85.28平米,南 北,精装,低楼层(共30层),板塔结合,47.5万
福州,鸿雁大厦 ,1室1厅,43.15平米,南,精装,高楼层(共31层),板塔结合,80万
福州,福大怡园 ,3室1厅,69.11平米,南 北,精装,中楼层(共5层),板楼,182万
福州,双龙花园 ,2室1厅,69.93平米,南 北,简装,低楼层(共8层),暂无数据,108万
福州,省检察院天骐路单位宿舍 ,3室2厅,87.25平米,南 北,精装,高楼层(共9层),暂无数据,230万
福州,丞相坊 ,4室2厅,135平米,东 南 北,毛坯,中楼层(共34层),板楼,320万
福州,天盛小区 ,3室2厅,83.56平米,东 南 北,简装,中楼层(共8层),板楼,259万
福州,凯兴花园 ,3室2厅,106.36平米,南,简装,低楼层(共9层),板楼,110万
福州,名郡 ,3室2厅,120平米,南 西南,简装,中楼层(共18层),板楼,155万
福州,桂梅小区 ,4室2厅,111.93平米,南 西 北,简装,高楼层(共8层),暂无数据,165万
福州,融侨锦江悦府花园南区B区 ,4室2厅,137.7平米,东南,精装,高楼层(共35层),平房,380万
福州,博仕后龙港城 ,4室2厅,118.33平米,西南,简装,中楼层(共32层),板楼,159万
福州,融侨宜家一期 ,3室1厅,78.69平米,南 北,精装,中楼层(共32层),板楼,96.8万
福州,世欧王庄一区 ,3室2厅,90.81平米,南,精装,中楼层(共42层),板楼,243万
福州,正荣财富中心 ,3室2厅,89.37平米,南,精装,中楼层(共39层),塔楼,183万
福州,中海寰宇天下 ,3室2厅,89.35平米,南 北,精装,低楼层(共33层),板塔结合,199万
福州,祥园新苑 ,2室2厅,76.31平米,南,精装,中楼层(共27层),暂无数据,138万
福州,融侨宜家二期 ,3室2厅,95.86平米,东南,精装,低楼层(共34层),板楼,125万
福州,阳光城檀悦 ,3室1厅,105.82平米,东 南 北,精装,低楼层(共31层),板楼,275万
福州,海山宿舍 ,2室2厅,73.79平米,西南 北,精装,中楼层(共9层),板楼,290万
福州,中海寰宇天下 ,3室2厅,89.8平米,南 西南 北,精装,低楼层(共33层),板塔结合,193万
福州,君临香格里C区 ,3室2厅,92.48平米,南 北,简装,高楼层(共26层),板楼,166万
福州,福晟钱隆学府 ,3室2厅,89.12平米,南 北,简装,中楼层(共17层),塔楼,140万
福州,苍霞新城嘉盛苑 ,4室2厅,89.84平米,南 北,精装,高楼层(共7层),板楼,228万
福州,煤场小区 ,3室2厅,79.32平米,南 北 西,精装,低楼层(共7层),暂无数据,168万
福州,西园温福新苑 ,2室1厅,75.28平米,东南 北,简装,高楼层(共8层),板楼,128万
福州,华润紫云府一期 ,3室1厅,85.21平米,南,精装,低楼层(共33层),板塔结合,135万
福州,中天金海岸天骄苑 ,4室2厅,161.22平米,南 北,精装,中楼层(共32层),平房,365万
福州,岳峰新村 ,3室2厅,84.06平米,南,精装,低楼层(共6层),板楼,165万
福州,福晟钱隆学府 ,2室1厅,44.66平米,东 南 北,精装,低楼层(共11层),塔楼,68.5万
福州,天元花园 ,4室2厅,136.85平米,西南,精装,低楼层(共9层),板楼,385万
福州,省监狱管理局宿舍（大王里63-2号） ,2室1厅,58.73平米,南 北,精装,低楼层(共6层),板楼,173万
福州,北尚C区 ,3室2厅,105.72平米,南 北,精装,中楼层(共14层),板楼,220万
福州,融汇江山颐景阁 ,4室2厅,141.42平米,西南,精装,高楼层(共22层),板塔结合,480万
福州,煤矿养老院宿舍 ,2室1厅,68.96平米,东南,精装,低楼层(共5层),板楼,160万
福州,融侨花园三区 ,3室2厅,94.9平米,南 北,精装,中楼层(共7层),板楼,235万
福州,福机新苑 ,2室1厅,60.75平米,东南,精装,高楼层(共39层),塔楼,175万
福州,桂园怡景 ,2室1厅,63.41平米,东南,简装,中楼层(共32层),板塔结合,143万
福州,金桥花园 ,2室2厅,83.8平米,南,精装,中楼层(共5层),板楼,112万
福州,东方名城康郡 ,3室2厅,138平米,南,毛坯,中楼层(共33层),板楼,200万
福州,融侨观邸 ,4室2厅,134.68平米,南 北,毛坯,低楼层(共39层),暂无数据,212万
福州,东方名城香郡 ,3室1厅,96.63平米,东南,简装,中楼层(共17层),板楼,150万
兰州,智慧金融城H区 ,3室2厅,105.75平米,南 北,毛坯,中楼层(共30层),板楼,62万
兰州,御景东方 ,5室2厅,408.57平米,东 南 北,精装,低楼层(共23层),板楼,447.07万
兰州,馨韵佳苑 ,4室2厅,159.87平米,东南,精装,低楼层(共30层),塔楼,153万
兰州,海亮和园 ,3室2厅,114.4平米,南 北,精装,低楼层(共29层),板楼,90万
兰州,二热家园（一区） ,3室1厅,61.38平米,南 北,简装,低楼层(共6层),板楼,71万
兰州,恒大名都 ,3室2厅,92.61平米,南 北,精装,高楼层(共32层),板楼,98万
兰州,恒大名都 ,3室1厅,96.2平米,南 北,精装,中楼层(共32层),板楼,107万
兰州,五泉啤酒厂 ,2室2厅,93.49平米,东 西,简装,高楼层(共8层),板楼,69.3万
兰州,欣欣嘉园（东区） ,3室2厅,134.29平米,南 北,简装,中楼层(共31层),板楼,166万
兰州,悦欣小区(有机厂甲乙楼街区) ,2室1厅,70.11平米,南,简装,中楼层(共8层),板楼,59万
兰州,中海凯旋门 ,2室2厅,94.42平米,南,精装,高楼层(共33层),塔楼,107万
兰州,瑞岭雅苑 ,3室2厅,124平米,南 北,毛坯,低楼层(共18层),板塔结合,67.8万
兰州,S润花园 ,3室2厅,118.07平米,南 北,毛坯,高楼层(共12层),板楼,86万
兰州,瑞岭雅苑 ,3室2厅,124.06平米,南 北,精装,高楼层(共18层),板楼,83万
兰州,阳光家园一区 ,2室2厅,83.08平米,东 西,简装,高楼层(共7层),板楼,54万
兰州,兰玻旧区 ,3室2厅,93平米,南 北,简装,中楼层(共8层),板楼,85万
兰州,果岭山 ,3室1厅,135.15平米,南 北,精装,中楼层(共26层),板楼,108万
兰州,众邦金水湾 ,2室1厅,104.24平米,南,精装,中楼层(共20层),板楼,126万
兰州,绿地智慧金融城学府大境 ,3室1厅,125平米,南 北,毛坯,低楼层(共33层),板楼,64.5万
兰州,众邦金水湾 ,4室2厅,201.09平米,南 北,精装,中楼层(共25层),板楼,258万
兰州,科教城|苑 ,6室3厅,285.52平米,南 北,精装,高楼层(共6层),板楼,320万
兰州,安澜祥园 ,7室2厅,348平米,南 北,精装,高楼层(共31层),板楼,480万
兰州,西固花园 ,2室1厅,83.6平米,南 北,简装,中楼层(共8层),暂无数据,70万
兰州,博大住宅小区 ,3室2厅,116平米,南 北,简装,中楼层(共8层),板楼,98万
兰州,安宁庭院 ,3室2厅,156.27平米,南 北,毛坯,低楼层(共32层),板楼,199万
兰州,民百家属院 ,3室2厅,118.26平米,南 北,简装,高楼层(共9层),板楼,94万
兰州,科教城雁滩二期园区 ,4室2厅,137.68平米,南 北,精装,中楼层(共6层),板楼,129万
兰州,十里店煤炭公司家属院 ,2室2厅,76.07平米,南 北,简装,高楼层(共6层),板楼,59万
兰州,省农林牧三厅家属院 ,3室1厅,95平米,南 北,简装,中楼层(共5层),板楼,106.8万
兰州,天庆格林小镇西区 ,3室2厅,142.98平米,南 北,精装,高楼层(共32层),板楼,239万
兰州,众润家园 ,3室2厅,135.45平米,东南,简装,低楼层(共28层),板楼,196万
兰州,新港城 ,3室2厅,129.54平米,南 北,精装,高楼层(共6层),板楼,175万
兰州,惠苑小区（西津西路） ,3室2厅,113.78平米,南 北,简装,低楼层(共8层),板塔结合,86万
兰州,西固热电三区 ,2室1厅,71平米,南 北,简装,中楼层(共8层),板楼,70万
兰州,鸿运润园 ,3室2厅,149.94平米,南 北,简装,中楼层(共11层),板楼,207.8万
兰州,金地花园 ,3室2厅,144.38平米,南 北,精装,中楼层(共7层),板楼,175万
兰州,众邦金水湾1号院 ,3室2厅,162.53平米,南 北,毛坯,高楼层(共33层),板楼,163万
兰州,康乐花园 ,3室2厅,140.27平米,南 北,简装,中楼层(共14层),板楼,155万
兰州,中和山水d城 ,2室1厅,93.19平米,南 北 西,简装,高楼层(共34层),板楼,106万
兰州,八冶家园南院 ,3室1厅,103.99平米,南 北,简装,中楼层(共9层),板楼,127万
兰州,臻城公司家属院 ,3室2厅,132.5平米,南 北,简装,中楼层(共9层),板楼,116万
兰州,望河丽景 ,3室2厅,178.67平米,南 北,简装,中楼层(共16层),板楼,189万
兰州,新安雅居 ,2室1厅,95.71平米,东 北,简装,高楼层(共16层),塔楼,94.8万
兰州,兰州减速厂家属院 ,2室2厅,79.27平米,南 北,简装,中楼层(共8层),板楼,62.5万
兰州,雁京.罗马花园 ,3室2厅,162.88平米,南 北,毛坯,高楼层(共25层),板楼,155万
兰州,中海・河山郡 ,3室1厅,113.79平米,南 北,精装,高楼层(共34层),板楼,118万
兰州,鸿运润园 ,3室2厅,145.73平米,南 北,精装,低楼层(共18层),板楼,253万
兰州,畅家巷小区 ,3室2厅,130平米,东 西,简装,高楼层(共8层),板楼,164万
兰州,基业豪庭 ,3室2厅,126.47平米,南 北,简装,高楼层(共6层),板楼,125万
兰州,省劳教二所家属院 ,2室1厅,65平米,南 北,简装,低楼层(共6层),板楼,65万
兰州,国泰嘉园 ,3室2厅,122.42平米,东南,精装,中楼层(共26层),板楼,136万
兰州,甘肃省医药学校小区 ,3室1厅,68平米,南 北,简装,低楼层(共6层),平房,58.5万
兰州,工商局家属院（平凉路） ,3室1厅,81.45平米,南 北,简装,中楼层(共8层),暂无数据,148万
兰州,中和山水d城 ,2室2厅,103.09平米,南,简装,低楼层(共34层),板楼,94.9万
昆明,华龙人家 ,3室2厅,118.98平米,南 北,精装,高楼层(共18层),板楼,130万
昆明,润城 ,3室2厅,126.83平米,西南,简装,中楼层(共33层),塔楼,145万
昆明,莲花苑小区 ,3室1厅,57.31平米,东 西,精装,高楼层(共6层),板楼,83万
昆明,夏意雅园 ,7室2厅,268平米,南 北,其他,高楼层(共11层),板楼,230万
昆明,金地悦天下 ,3室2厅,91.91平米,南,精装,高楼层(共34层),塔楼,140万
昆明,东骧神骏 ,3室2厅,120.43平米,西南,精装,高楼层(共17层),板楼,125万
昆明,云南省种子公司宿舍 ,2室2厅,55.89平米,东,其他,中楼层(共6层),板楼,67万
昆明,金沙小区 ,3室2厅,86.73平米,南 北,简装,中楼层(共7层),板楼,83万
昆明,昆铁盛和家苑 ,3室2厅,88.42平米,南,精装,低楼层(共34层),塔楼,79万
昆明,万科魅力之城 ,3室1厅,81.21平米,西,精装,高楼层(共33层),塔楼,92.9万
昆明,云安阳光城 ,2室2厅,85.5平米,南,毛坯,中楼层(共18层),板塔结合,105万
昆明,华夏四季 ,4室2厅,201.19平米,东南,精装,中楼层(共7层),板楼,500万
昆明,新亚洲体育城星泽园 ,4室2厅,139.15平米,东南,简装,中楼层(共18层),板楼,135万
昆明,华龙人家 ,4室2厅,127平米,南 北,精装,中楼层(共7层),暂无数据,120万
昆明,江东安康园 ,4室2厅,183.82平米,南,精装,低楼层(共7层),板楼,200万
昆明,江东安康园 ,3室2厅,130.81平米,南 北,简装,中楼层(共18层),板楼,153万
昆明,万科银海泊岸观澜 ,4室2厅,143.53平米,东 南,毛坯,中楼层(共12层),板楼,229万
昆明,新希望白麓城 ,4室2厅,115.66平米,南,毛坯,低楼层(共33层),板楼,160万
昆明,滇池卫城铂睿 ,4室2厅,143.63平米,东南,精装,高楼层(共7层),板楼,195万
昆明,滇池卫城尚层 ,4室2厅,155.82平米,南 北,精装,中楼层(共7层),板楼,208万
昆明,润城二区 ,3室2厅,110.51平米,东北,毛坯,中楼层(共34层),塔楼,135.8万
昆明,滇池印象花园 ,8室4厅,293.88平米,南,精装,低楼层(共2层),板塔结合,748万
昆明,天泽园 ,5室2厅,236.98平米,东南,精装,高楼层(共6层),板楼,244万
昆明,永顺里 ,2室1厅,41.76平米,东南,精装,中楼层(共7层),暂无数据,52.5万
昆明,银海森林 ,3室2厅,106.43平米,南,精装,低楼层(共7层),暂无数据,180万
昆明,迎春巷4号 ,3室2厅,80.1平米,北 南,精装,低楼层(共7层),板楼,100万
昆明,万科魅力之城 ,2室1厅,65.4平米,南,精装,中楼层(共33层),塔楼,82万
昆明,万科金域缇香 ,3室2厅,86.76平米,西,精装,高楼层(共32层),板塔结合,118万
昆明,龙跃大厦 ,3室2厅,134.91平米,西南,简装,低楼层(共20层),板楼,123万
昆明,江东安康园 ,4室2厅,148.05平米,南 北,简装,高楼层(共7层),板楼,130万
昆明,华润中央公园 ,3室2厅,86.38平米,南,精装,高楼层(共31层),塔楼,96万
昆明,美树橙 ,4室1厅,135.6平米,东 西,精装,高楼层(共6层),板楼,123万
昆明,广电苑义园 ,3室1厅,119.98平米,西南,毛坯,低楼层(共33层),板楼,74万
昆明,蓝光水岸公园 ,3室2厅,95.33平米,西南,精装,低楼层(共33层),板塔结合,119.8万
昆明,子君欣景花园永泰园 ,2室2厅,64.59平米,南,精装,低楼层(共17层),板楼,66万
昆明,华兴巷 ,2室2厅,50.4平米,东 南,简装,高楼层(共7层),板楼,110万
昆明,阳光花园・旭苑 ,3室2厅,93.44平米,东南,精装,中楼层(共7层),板楼,108万
昆明,东骧神骏 ,3室2厅,93.67平米,东,精装,中楼层(共18层),塔楼,105万
昆明,金沙小区 ,2室2厅,78.07平米,东 西,精装,高楼层(共7层),板楼,56万
昆明,滇池明珠广场 ,4室2厅,171.47平米,南 北,毛坯,低楼层(共33层),板塔结合,170万
昆明,假日城市 ,3室2厅,97.51平米,南 北,简装,低楼层(共33层),板塔结合,105万
昆明,海东俊园 ,3室2厅,108.57平米,东南,精装,6层,板楼,245万
昆明,建行宿舍 ,3室2厅,72平米,南 北,精装,中楼层(共6层),暂无数据,85万
昆明,新亚洲体育城星宇园 ,4室2厅,145.84平米,南 北,精装,中楼层(共25层),板楼,147万
昆明,润城二区 ,3室2厅,131.79平米,东 南,精装,高楼层(共34层),塔楼,148万
昆明,东骧神骏 ,2室2厅,84.32平米,西,精装,中楼层(共20层),板塔结合,93万
昆明,龙江雅苑 ,4室2厅,163平米,东南,精装,高楼层(共6层),板楼,202万
昆明,七彩云南第壹城 ,2室2厅,84.89平米,东,毛坯,34层,塔楼,94万
昆明,恒水源 ,4室2厅,97.91平米,东南,精装,低楼层(共3层),板楼,187万
昆明,新亚洲体育城星宇园 ,4室2厅,141.93平米,西南,简装,中楼层(共18层),平房,155万
昆明,华夏御府御棠 ,4室2厅,148.29平米,东南,精装,中楼层(共8层),板楼,430万
昆明,金沙小区 ,3室2厅,95.02平米,东南,精装,低楼层(共7层),板楼,82万
昆明,白龙潭俊园浣园 ,3室2厅,157.81平米,南 北,精装,中楼层(共6层),板楼,252万
昆明,俊发城紫薇苑 ,3室2厅,95.51平米,西,精装,中楼层(共44层),塔楼,97万
昆明,万科云子 ,3室2厅,89.13平米,南,精装,低楼层(共34层),板楼,127万
昆明,融创春风十里云翥苑 ,3室2厅,81.95平米,南,精装,高楼层(共18层),板塔结合,115万
昆明,菱角塘小区北区 ,1室2厅,49.04平米,南 北,精装,中楼层(共6层),板楼,45万
昆明,天骄北麓 ,2室1厅,44平米,东,简装,中楼层(共34层),塔楼,41万
昆明,新亚洲体育城水木清华 ,4室2厅,127.18平米,西,简装,中楼层(共16层),板塔结合,112万
昆明,万科魅力之城 ,3室2厅,115平米,东南,精装,低楼层(共34层),塔楼,120万
南宁,莱茵湖畔 ,4室2厅,137.67平米,北,简装,低楼层(共17层),塔楼,135万
南宁,保利・领秀前城青秀郡 ,4室2厅,109.49平米,北,精装,高楼层(共32层),板楼,139万
南宁,万科城 ,4室2厅,129.14平米,南 北,精装,高楼层(共28层),板塔结合,170万
南宁,和思 ・ 相思湖畔A区 ,4室2厅,112.98平米,南,精装,中楼层(共31层),板塔结合,109万
南宁,万达茂・江山云邸 ,4室2厅,143.3平米,东南,其他,低楼层(共51层),板塔结合,126万
南宁,龙光玖珑湖二期 ,4室1厅,123平米,南 北,其他,中楼层(共29层),塔楼,215万
南宁,龙光玖珑府 ,4室1厅,117.25平米,北,精装,高楼层(共40层),板塔结合,128万
南宁,台湾街・花莲府 ,3室2厅,105平米,东 西,精装,低楼层(共18层),塔楼,95万
南宁,嘉和城温莎北郡 ,3室2厅,84.42平米,南,其他,中楼层(共32层),板塔结合,60万
南宁,莱茵湖畔 ,4室2厅,137.74平米,东南,其他,高楼层(共17层),塔楼,165万
南宁,万达茂・御江国际 ,4室2厅,136平米,西南,毛坯,中楼层(共32层),板塔结合,131万
南宁,天誉花园5组团 ,4室2厅,123.34平米,西北,精装,中楼层(共30层),板塔结合,115.9万
南宁,广源大都会 ,3室2厅,95平米,南,精装,高楼层(共30层),塔楼,129万
南宁,塞纳维拉花园 ,4室2厅,172.76平米,南,简装,中楼层(共11层),板塔结合,160万
南宁,欧亚梦都 ,4室2厅,154.67平米,南 北,精装,中楼层(共8层),暂无数据,95万
南宁,金源一品 ,3室2厅,99平米,东南,毛坯,中楼层(共39层),塔楼,125万
南宁,盛邦珑湖 ,6室2厅,130.42平米,南 北,精装,高楼层(共33层),塔楼,175万
南宁,瀚林・御景 ,4室2厅,121.56平米,南,精装,中楼层(共34层),板塔结合,123万
南宁,绿城春江明月 ,5室2厅,191.85平米,东,毛坯,中楼层(共30层),板楼,266万
南宁,世洋丽豪园 ,4室2厅,140.54平米,南 北,精装,中楼层(共6层),塔楼,234万
南宁,保利爱琴海 ,4室2厅,138.85平米,南 北,精装,中楼层(共33层),塔楼,130万
南宁,和居・邕江郡 ,2室1厅,46.54平米,南,精装,低楼层(共23层),板塔结合,48万
南宁,瀚林新城 ,4室2厅,96平米,南,精装,高楼层(共31层),板塔结合,110万
南宁,启美新城 ,3室2厅,92.4平米,南,精装,低楼层(共18层),板楼,69万
南宁,龙光・君御华府 ,4室2厅,124.68平米,南,毛坯,高楼层(共32层),板塔结合,223.2万
南宁,龙光玖珑湖二期 ,5室2厅,143.53平米,东南 南 北,其他,高楼层(共30层),塔楼,225万
南宁,保利・领秀前城青秀郡 ,4室2厅,109.49平米,南 北,其他,中楼层(共32层),板楼,155万
南宁,半岛・半山 ,4室2厅,136.52平米,北,精装,中楼层(共32层),塔楼,132万
南宁,华润二十四城 ,4室2厅,126.88平米,南 北,精装,高楼层(共49层),塔楼,185万
南宁,万达茂・御江国际 ,4室2厅,126.16平米,南,其他,高楼层(共24层),板塔结合,120万
南宁,万科悦湾 ,4室2厅,123.17平米,东南 南,精装,高楼层(共30层),板塔结合,112万
南宁,保利・领秀前城青秀郡 ,5室2厅,134.53平米,南 北,其他,高楼层(共32层),板楼,180万
南宁,保利・领秀前城青秀郡 ,4室2厅,107.38平米,南 西,精装,高楼层(共32层),板楼,145万
南宁,碧桂园天玺湾 ,4室2厅,123.3平米,东南,精装,中楼层(共11层),板塔结合,128万
南宁,皇新城 ,3室2厅,111.97平米,南 北,精装,中楼层(共12层),板塔结合,90万
南宁,星湖路26号 ,4室2厅,126.86平米,南 西南,简装,中楼层(共8层),板楼,132万
南宁,龙光・玖誉湖 ,4室2厅,119.92平米,南 北,精装,中楼层(共20层),塔楼,103万
南宁,万科金域中央 ,4室1厅,125.64平米,东南 南,其他,低楼层(共44层),塔楼,170万
南宁,金源悦府 ,3室2厅,95.82平米,南,精装,高楼层(共32层),塔楼,85万
南宁,莱茵湖畔 ,4室2厅,140.68平米,南,精装,高楼层(共11层),塔楼,160万
南宁,荣和大地二组团 ,4室2厅,89平米,南,精装,中楼层(共32层),塔楼,175万
南宁,祥达花园 ,4室2厅,138.06平米,南 北,简装,中楼层(共8层),板楼,88万
南宁,天昌东盟中央城 ,3室2厅,83.21平米,南,精装,高楼层(共29层),板楼,170万
南宁,富宁新兴苑 ,2室2厅,82.13平米,南,精装,中楼层(共11层),板楼,60万
南宁,融晟公@大地B区 ,4室2厅,142.99平米,南 北,精装,中楼层(共28层),板塔结合,96万
南宁,广源国际社区 ,3室2厅,105.54平米,南,精装,中楼层(共32层),板楼,165万
南宁,联发・尚品 ,3室2厅,91.83平米,南,精装,低楼层(共18层),板塔结合,69万
南宁,瀚林山水源 ,3室1厅,87.09平米,南,精装,高楼层(共34层),板塔结合,80万
南宁,大唐果(邕宁区) ,3室2厅,89.01平米,南,精装,高楼层(共32层),板塔结合,78万
南宁,云星钱隆首府 ,5室2厅,219.5平米,南,精装,中楼层(共32层),板塔结合,328万
南宁,澜湾九里二期 ,4室2厅,130.6平米,东南 南,精装,中楼层(共23层),板塔结合,175万
南宁,联发・尚品 ,3室2厅,121.56平米,南 西南,简装,低楼层(共14层),板塔结合,77万
南宁,秀山花园 ,4室2厅,164.59平米,南,简装,低楼层(共8层),板塔结合,120万
南宁,龙光・水悦龙湾 ,4室2厅,116.34平米,南 北,精装,中楼层(共34层),平房,122万
南宁,竹溪新兴苑 ,4室2厅,150.5平米,南 北,简装,中楼层(共7层),板塔结合,122万
南宁,琅园锦绣前程 ,4室1厅,136.61平米,南 北,精装,中楼层(共32层),塔楼,135万
南宁,保利21世家 ,4室2厅,138.5平米,南 北,简装,高楼层(共24层),板塔结合,260万
南宁,中南紫云集（南区） ,3室1厅,95平米,南,其他,高楼层(共33层),塔楼,85万
南宁,恒大苹果园・金色阳光 ,3室1厅,128.97平米,南,其他,中楼层(共17层),平房,99万
南宁,万科金域中央 ,4室2厅,110平米,东南,精装,低楼层(共47层),塔楼,143万
银川,悦达汇文苑 ,3室2厅,105.28平米,南,精装,中楼层(共14层),板楼,138万
银川,金鹰御珑湾 ,3室2厅,132平米,南 北,精装,低楼层(共26层),塔楼,208万
银川,华厦绿城 ,3室2厅,121.67平米,南 北,精装,中楼层(共18层),板楼,160万
银川,金色华庭西区 ,2室1厅,77.23平米,南,精装,高楼层(共18层),板塔结合,93.8万
银川,凯帝京都 ,4室2厅,143.78平米,南 北,精装,中楼层(共23层),板楼,124万
银川,红兰花园北区 ,3室2厅,88.72平米,南,简装,低楼层(共6层),暂无数据,120万
银川,金色水岸 ,3室2厅,130.16平米,南,精装,高楼层(共18层),板塔结合,218万
银川,2009庄园 ,2室2厅,107.61平米,南,简装,高楼层(共17层),板塔结合,125万
银川,中海世纪公馆 ,3室1厅,108.73平米,南,精装,中楼层(共33层),塔楼,155万
银川,香苑东园 ,3室2厅,122.03平米,南 北,精装,低楼层(共30层),板塔结合,202万
银川,恒祥公寓 ,3室2厅,129.54平米,南,精装,中楼层(共6层),板塔结合,156万
银川,新宁住宅小区 ,3室2厅,127.52平米,南,精装,高楼层(共5层),暂无数据,92.8万
银川,金辉城 ,3室2厅,92.33平米,南,精装,高楼层(共32层),板楼,125万
银川,港湾明珠 ,3室2厅,91.53平米,南,精装,高楼层(共11层),板塔结合,83万
银川,中南世纪城瑞城 ,4室2厅,121.59平米,南,毛坯,高楼层(共32层),塔楼,181万
银川,德惠尚书房西区 ,3室2厅,107.15平米,南,毛坯,高楼层(共14层),板塔结合,129.8万
银川,中央花园 ,3室2厅,124.26平米,南,精装,中楼层(共5层),暂无数据,118万
银川,逸景倾城 ,3室2厅,145平米,南,精装,低楼层(共27层),板楼,230万
银川,玉龙路 ,4室2厅,148.02平米,南,精装,中楼层(共4层),暂无数据,109.8万
银川,杏溪花苑 ,3室2厅,137.05平米,南,精装,中楼层(共6层),板楼,185万
银川,碧桂园天玺 ,4室2厅,143.38平米,南,精装,高楼层(共15层),板楼,218万
银川,万户新村 ,3室1厅,64.62平米,南,简装,中楼层(共5层),塔楼,54.9万
银川,高教公寓 ,3室2厅,131.96平米,南,毛坯,中楼层(共19层),板楼,125万
银川,华厦绿城 ,3室1厅,120.77平米,南,精装,高楼层(共11层),塔楼,152万
银川,恒大帝景 ,3室2厅,111.99平米,南,精装,低楼层(共29层),板楼,154.8万
银川,悦达悦珑湾 ,3室2厅,140.2平米,南,毛坯,中楼层(共18层),板楼,240万
银川,盐南三区A ,2室2厅,72.68平米,南 北,精装,中楼层(共5层),板塔结合,64.8万
银川,奥体玫瑰园B区 ,3室2厅,93.83平米,南,精装,中楼层(共31层),板楼,135万
银川,保利紫荆公馆 ,4室1厅,124.83平米,南,精装,高楼层(共11层),暂无数据,182万
银川,华建雅园 ,3室2厅,99.17平米,南,精装,低楼层(共11层),板楼,122万
银川,君豪华庭 ,3室2厅,122平米,南 北,精装,低楼层(共28层),板塔结合,158万
银川,万水清华 ,3室2厅,143.6平米,南,精装,高楼层(共17层),板塔结合,200万
银川,高教公寓 ,2室2厅,88.22平米,南,精装,中楼层(共21层),塔楼,84.8万
银川,望海小区 ,2室2厅,69.46平米,南,精装,中楼层(共6层),板塔结合,85万
银川,荣润麒麟府 ,3室2厅,124.23平米,南,精装,中楼层(共10层),暂无数据,208万
银川,万科悦达翡翠国际 ,3室2厅,118.56平米,南,精装,低楼层(共13层),暂无数据,179.8万
银川,中庚海德公园 ,3室2厅,121平米,南,精装,中楼层(共33层),塔楼,165万
银川,恒大帝景 ,3室2厅,108平米,南,精装,高楼层(共24层),塔楼,139.8万
银川,香苑东园 ,3室2厅,142.43平米,南,简装,低楼层(共29层),板塔结合,178万
银川,三河家园 ,3室1厅,90.16平米,南 北,精装,低楼层(共6层),平房,95万
银川,中南世纪城五期 ,3室2厅,82平米,南,精装,中楼层(共29层),板楼,128万
银川,天澜湾 ,3室1厅,111.87平米,南,精装,高楼层(共18层),板楼,129.8万
银川,嘉业上郡 ,3室2厅,100.56平米,南,精装,高楼层(共18层),暂无数据,138万
银川,信拓东海国际 ,3室2厅,121.17平米,东 南,精装,低楼层(共27层),板塔结合,79.8万
银川,燕铭华庄 ,3室1厅,107.61平米,南,精装,中楼层(共18层),板楼,119万
银川,恒大悦澜湾 ,4室2厅,141.12平米,南,精装,高楼层(共14层),暂无数据,160万
银川,通榆新村八区 ,2室1厅,58.8平米,南 北,简装,中楼层(共5层),板塔结合,46.8万
银川,领秀嘉园 ,3室2厅,103平米,南 北,精装,高楼层(共9层),板楼,132万
银川,香城世家 ,3室2厅,123平米,南,精装,高楼层(共7层),板楼,210万
银川,观湖名邸 ,3室2厅,114.82平米,南,毛坯,高楼层(共18层),塔楼,161万
银川,金色华庭西区 ,3室2厅,97.87平米,南,精装,中楼层(共18层),暂无数据,115万
银川,港龙华侨城 ,3室2厅,107平米,南,精装,中楼层(共27层),板塔结合,138万
银川,虹润华府 ,3室1厅,131.71平米,南 北,毛坯,高楼层(共16层),暂无数据,138.8万
银川,中南世纪城9期 ,3室2厅,95.75平米,南,精装,高楼层(共27层),板楼,149万
银川,恒荣世家 ,3室2厅,105平米,南,精装,低楼层(共17层),板楼,105万
银川,中南世纪城景城一期 ,3室2厅,123.46平米,南,精装,高楼层(共24层),板塔结合,169万
银川,力拓悦城 ,3室2厅,139.17平米,南,毛坯,中楼层(共11层),板楼,160万
银川,中庚海德公园 ,3室1厅,95.59平米,南 北,精装,中楼层(共17层),塔楼,138万
银川,德惠尚书府 ,3室2厅,106.44平米,南,毛坯,中楼层(共18层),塔楼,97万
银川,凤凰汇熙园 ,3室2厅,93.22平米,南,精装,低楼层(共15层),板楼,140万
呼和浩特,税苑小区 ,2室2厅,114.1平米,南 北,简装,高楼层(共6层),板塔结合,85万
呼和浩特,蓝色港湾 ,2室1厅,41.7平米,南,精装,高楼层(共18层),平房,44万
呼和浩特,爱民街武警小区 ,3室1厅,91.69平米,南 北,精装,高楼层(共5层),板楼,86万
呼和浩特,中行小区(赛罕区) ,2室2厅,90平米,南 北,简装,低楼层(共6层),板楼,88万
呼和浩特,车站东街小区 ,2室1厅,54.69平米,南,简装,中楼层(共4层),板楼,55万
呼和浩特,万达广场二期四组团 ,3室2厅,139.6平米,南 北,毛坯,高楼层(共33层),板楼,164万
呼和浩特,开源小区 ,2室2厅,94.47平米,南 北,简装,中楼层(共6层),暂无数据,90万
呼和浩特,电动小区 ,2室2厅,83.47平米,南 北,精装,中楼层(共6层),板楼,76万
呼和浩特,荣盛・楠湖郦舍 ,3室1厅,91.5平米,南 北,精装,低楼层(共31层),板楼,80万
呼和浩特,蓉住宅区 ,2室1厅,70.89平米,东,简装,低楼层(共6层),板楼,63万
呼和浩特,永泰城汇景 ,3室2厅,104.35平米,南,简装,高楼层(共26层),板楼,119万
呼和浩特,中行小区 ,2室2厅,95.7平米,南 北,简装,低楼层(共6层),板楼,115万
呼和浩特,预制厂小区 ,2室1厅,71.11平米,南 北,简装,高楼层(共6层),板塔结合,66万
呼和浩特,f博A景 ,2室1厅,91平米,南,精装,中楼层(共18层),板楼,91万
呼和浩特,牧机所小区 ,2室1厅,77.59平米,南 北,简装,中楼层(共5层),板楼,77万
呼和浩特,世纪阳光花园 ,3室2厅,118.44平米,南 北,其他,中楼层(共6层),板楼,130万
呼和浩特,亿科・公元2010 ,2室1厅,117.84平米,南 北,精装,低楼层(共25层),板楼,145万
呼和浩特,中央美墅 ,5室2厅,220平米,南 北,毛坯,中楼层(共4层),板楼,182万
呼和浩特,中海御龙湾 ,5室2厅,280平米,南 北,精装,低楼层(共30层),板楼,380.8万
呼和浩特,半山半水 ,5室2厅,325.36平米,南 北,毛坯,中楼层(共5层),板楼,120万
呼和浩特,上院小区 ,5室3厅,220平米,北 南,精装,中楼层(共6层),板楼,110万
呼和浩特,公交综合小区 ,2室0厅,72.43平米,南 北,简装,低楼层(共4层),板楼,86万
呼和浩特,香榭澜湾 ,2室1厅,83.3平米,南,其他,低楼层(共17层),暂无数据,70万
呼和浩特,兴松小区 ,3室2厅,126平米,南,其他,高楼层(共6层),板塔结合,94万
呼和浩特,政协小区(赛罕区) ,4室2厅,181.81平米,南 北,毛坯,低楼层(共11层),板塔结合,191万
呼和浩特,世纪华城 ,2室2厅,88.04平米,南 北,精装,低楼层(共6层),板塔结合,45万
呼和浩特,盛世名筑康f南区 ,2室1厅,66.9平米,东 北,精装,低楼层(共13层),板楼,76万
呼和浩特,金隅时代城 ,3室2厅,132.38平米,南 北,精装,高楼层(共11层),板楼,191万
呼和浩特,建苑 ,3室1厅,76.27平米,南 北,精装,低楼层(共3层),板楼,68.5万
呼和浩特,巨华・巨海城3区 ,2室2厅,90.33平米,南,简装,高楼层(共6层),板楼,108万
呼和浩特,政苑小区 ,3室1厅,74.14平米,南,精装,低楼层(共6层),板楼,119万
呼和浩特,财政局家属院(回民区) ,1室2厅,77.35平米,南,简装,中楼层(共6层),板塔结合,65万
呼和浩特,青橙部落 ,2室2厅,96.7平米,南,精装,低楼层(共18层),板楼,109万
呼和浩特,星火巷百灵小区 ,3室2厅,143.38平米,南 北,精装,高楼层(共6层),板楼,158万
呼和浩特,青山水恋 ,3室2厅,82.67平米,南 北,精装,低楼层(共21层),塔楼,115万
呼和浩特,半山半水 ,2室1厅,74.13平米,南 北,精装,中楼层(共6层),塔楼,49.8万
呼和浩特,御苑 ,5室2厅,345平米,南 北,精装,低楼层(共3层),暂无数据,680万
呼和浩特,金隅丽港城 ,2室2厅,88.62平米,南,精装,中楼层(共25层),板塔结合,112万
呼和浩特,安装公司住宅 ,2室1厅,57.68平米,南 北,精装,中楼层(共6层),板楼,57万
呼和浩特,天骄熙岸 ,2室1厅,73平米,东 南,其他,中楼层(共25层),板楼,60万
呼和浩特,澳华・城市花园 ,3室2厅,168平米,南 北,精装,高楼层(共6层),板塔结合,145万
呼和浩特,芳汀花园 ,3室2厅,132.99平米,南 北,精装,中楼层(共6层),板楼,133万
呼和浩特,丽苑阳光城 ,3室2厅,173平米,南 北,简装,中楼层(共6层),板楼,155万
呼和浩特,八一住宅小区 ,3室2厅,118平米,南 北,精装,高楼层(共6层),板塔结合,80万
呼和浩特,毓秀国际公馆 ,3室1厅,92.5平米,北,精装,高楼层(共17层),板楼,84万
呼和浩特,海藤名苑星苑 ,4室2厅,321.09平米,南 北,精装,中楼层(共4层),板楼,300万
呼和浩特,兴泰・|河湾北区 ,4室2厅,293平米,南 北,精装,中楼层(共8层),暂无数据,550万
呼和浩特,伊泰华府世家 ,6室2厅,427平米,南 北,精装,低楼层(共13层),暂无数据,1000万
呼和浩特,锦绣福源C区 ,8室3厅,679.97平米,南 北,毛坯,中楼层(共4层),暂无数据,698万
呼和浩特,恒大雅苑 ,1室1厅,52.96平米,北,精装,中楼层(共18层),板楼,32万
呼和浩特,时代华城 ,2室1厅,87.6平米,南 北,精装,中楼层(共5层),板楼,66万
呼和浩特,西铁小区 ,2室1厅,55平米,南 北,简装,中楼层(共6层),板楼,36万
呼和浩特,新华联・雅园 ,2室1厅,93.5平米,南,精装,高楼层(共30层),板楼,112万
呼和浩特,新潮小区 ,2室1厅,70.82平米,东 西,简装,中楼层(共6层),板楼,48万
呼和浩特,万达广场一期 ,2室1厅,90.42平米,南,精装,中楼层(共34层),板楼,102万
呼和浩特,市建小区(新城区) ,1室1厅,35.12平米,南,简装,低楼层(共6层),板楼,29万
呼和浩特,千家和众新家园 ,2室2厅,91.06平米,南,简装,低楼层(共32层),板塔结合,90万
呼和浩特,蔬菜公司家属院(新城区) ,2室1厅,65.92平米,南 北,简装,中楼层(共6层),板楼,89万
呼和浩特,香榭花堤 ,2室2厅,81.24平米,南,精装,中楼层(共16层),板楼,85万
呼和浩特,中海・外滩 ,3室2厅,132.73平米,南 北,简装,低楼层(共29层),板楼,155万
乌鲁木齐,盛大花园 ,4室2厅,156.39平米,南 北,简装,高楼层(共6层),板楼,108万
乌鲁木齐,日光小区 ,4室3厅,234.2平米,南 北,简装,高楼层(共13层),板楼,178万
乌鲁木齐,半山湾畔 ,5室2厅,251.11平米,西南,简装,低楼层(共2层),暂无数据,350万
乌鲁木齐,消防局家属院 ,5室5厅,498平米,南 北,精装,高楼层(共17层),暂无数据,249万
乌鲁木齐,御园印象 ,3室2厅,107平米,南 北,毛坯,低楼层(共19层),板楼,86万
乌鲁木齐,得锦花园小区 ,4室1厅,117.3平米,南 北,精装,高楼层(共10层),板楼,84万
乌鲁木齐,万达华府三期 ,3室2厅,120.28平米,南 北,简装,中楼层(共33层),板楼,138万
乌鲁木齐,泰L小区 ,3室2厅,101.11平米,南,简装,低楼层(共6层),板楼,59.8万
乌鲁木齐,嘉华园 ,3室2厅,132.05平米,北,简装,高楼层(共7层),板塔结合,77万
乌鲁木齐,宜品家春秋 ,2室2厅,136平米,南 北,精装,中楼层(共18层),板楼,78万
乌鲁木齐,世纪茗苑 ,3室2厅,95.45平米,南,简装,中楼层(共6层),暂无数据,76.5万
乌鲁木齐,自治区财政厅干部教育中心家属院 ,3室2厅,97.93平米,南 北,简装,中楼层(共5层),板楼,70万
乌鲁木齐,河南东路南二巷48号 ,3室2厅,125.3平米,南 北,简装,低楼层(共3层),暂无数据,78万
乌鲁木齐,聚博源小区 ,3室2厅,106.21平米,南 北,简装,高楼层(共7层),暂无数据,72万
乌鲁木齐,依山雅居小区 ,3室2厅,88.12平米,南 北,精装,高楼层(共6层),暂无数据,50万
乌鲁木齐,优诗美地二期 ,3室2厅,93.67平米,南 北,精装,中楼层(共7层),暂无数据,93万
乌鲁木齐,日光小区 ,3室2厅,114.4平米,南 北,简装,高楼层(共7层),板楼,61.99万
乌鲁木齐,山水华庭小区 ,3室2厅,177.8平米,东 西,精装,低楼层(共18层),板楼,125万
乌鲁木齐,百信蓝波湾 ,3室2厅,113.15平米,南 北,简装,中楼层(共6层),板楼,82万
乌鲁木齐,米东新城三期 ,3室2厅,129.05平米,南 北,精装,高楼层(共6层),板塔结合,67.8万
乌鲁木齐,呈信铂晶湾 ,3室2厅,120.72平米,南 北,简装,低楼层(共30层),板楼,126万
乌鲁木齐,荷兰小镇一期 ,3室2厅,94.37平米,南 北,精装,高楼层(共6层),暂无数据,54万
乌鲁木齐,新疆轻工职业技术学院家属院 ,3室2厅,119.78平米,南 北,精装,高楼层(共6层),暂无数据,118万
乌鲁木齐,荷兰小镇一期 ,3室2厅,91.45平米,南 北,精装,中楼层(共6层),暂无数据,57万
乌鲁木齐,会展蓝湾 ,3室2厅,143.11平米,南 北,毛坯,中楼层(共23层),板楼,125万
乌鲁木齐,新金原小区南区 ,2室1厅,60.42平米,南 北,简装,高楼层(共6层),板楼,47万
乌鲁木齐,垄上阳光 ,4室2厅,213.68平米,南 北,毛坯,低楼层(共3层),暂无数据,99万
乌鲁木齐,博学院状元书香门第 ,3室2厅,124.89平米,南 北,精装,中楼层(共29层),暂无数据,138万
乌鲁木齐,万科金域华府Ⅱ期 ,3室1厅,104.18平米,南 北,精装,中楼层(共28层),板塔结合,115万
乌鲁木齐,晋达花园小区 ,3室2厅,94.39平米,南 北,精装,低楼层(共6层),暂无数据,58万
乌鲁木齐,马德里春天小区 ,3室2厅,102.24平米,南 北,简装,中楼层(共24层),板塔结合,83万
乌鲁木齐,宜品家春秋 ,3室2厅,91平米,南 北,精装,高楼层(共6层),板塔结合,79.8万
乌鲁木齐,物资大院 ,2室1厅,69.31平米,东 西,简装,中楼层(共5层),板楼,45万
乌鲁木齐,铁路花园社区铁22街新高层 ,4室1厅,131.33平米,西南,简装,高楼层(共22层),暂无数据,90万
乌鲁木齐,振荣小区 ,3室2厅,131.86平米,南 北,其他,高楼层(共6层),板楼,118万
乌鲁木齐,御园印象 ,2室2厅,82.68平米,南 北,简装,低楼层(共19层),板楼,70万
乌鲁木齐,特变都市花园 ,3室1厅,113平米,南 北,其他,低楼层(共31层),暂无数据,100万
乌鲁木齐,新天润国际社区洛林郡 ,3室1厅,120.44平米,南 北,其他,高楼层(共10层),板楼,95万
乌鲁木齐,科学院小区 ,3室2厅,101.58平米,南 北,其他,中楼层(共4层),暂无数据,140万
乌鲁木齐,六附院家属区 ,2室1厅,49平米,南 北,简装,中楼层(共6层),暂无数据,43万
乌鲁木齐,新疆路桥桥梁工程建设有限责任公司家属院 ,3室2厅,88.39平米,南 北,简装,高楼层(共6层),板楼,38万
乌鲁木齐,香缇苑 ,3室2厅,98.27平米,南 北,简装,高楼层(共33层),暂无数据,52.8万
乌鲁木齐,米东新城三期 ,2室2厅,77.3平米,南 北,简装,中楼层(共6层),暂无数据,47.8万
乌鲁木齐,特变水木尚城 ,3室2厅,131.11平米,南 北,精装,低楼层(共17层),板楼,90万
乌鲁木齐,米东新城三期 ,2室2厅,88.32平米,南 北,毛坯,中楼层(共6层),暂无数据,48万
乌鲁木齐,光华路五巷2号 ,2室1厅,58.3平米,西 东,简装,高楼层(共6层),板楼,87万
乌鲁木齐,兰乔圣菲 ,3室2厅,103.69平米,南 北,精装,11层,暂无数据,88万
乌鲁木齐,建合园小区 ,3室1厅,102.84平米,南 北,简装,低楼层(共6层),暂无数据,112万
乌鲁木齐,特变水木尚城 ,3室2厅,103平米,南 北,精装,中楼层(共17层),板楼,69.8万
乌鲁木齐,双宇博格达城 ,2室2厅,91.91平米,南 北,精装,高楼层(共10层),平房,55万
乌鲁木齐,荷兰小镇一期 ,3室2厅,93.98平米,南 北,精装,低楼层(共6层),暂无数据,63万
乌鲁木齐,新大地花园 ,2室2厅,87平米,南,精装,中楼层(共11层),暂无数据,72.8万
乌鲁木齐,世界名筑 ,2室1厅,93.26平米,东 西,精装,高楼层(共32层),板楼,90万
乌鲁木齐,荷兰小镇二期 ,3室2厅,104.35平米,南 北,精装,低楼层(共24层),板楼,64.5万
乌鲁木齐,地矿一水小区 ,2室2厅,94.2平米,南 北,精装,中楼层(共20层),板楼,82万
乌鲁木齐,香缇苑 ,3室2厅,108.53平米,南 北,精装,中楼层(共26层),暂无数据,67万
乌鲁木齐,特变水木尚城 ,3室2厅,130.67平米,南 北,精装,低楼层(共12层),板楼,96.8万
乌鲁木齐,信达雅山新天地A区 ,3室2厅,80.16平米,南 北,精装,高楼层(共6层),暂无数据,68万
乌鲁木齐,特变水木尚城 ,3室2厅,121.24平米,南 北,简装,高楼层(共6层),板楼,75万
乌鲁木齐,大十字商业大厦 ,2室1厅,66.67平米,南 北,简装,中楼层(共6层),暂无数据,48万
北京,棕榈泉国际公寓 ,3室2厅,178.82平米,西南,精装,中楼层(共30层),2004年建_塔楼,2000万
北京,晓月新苑 ,1室1厅,63.14平米,南,简装,低楼层(共21层),2007年建_板塔结合,258万
北京,长城国际 ,1室1厅,48.52平米,东 西,精装,20层,2009年建_塔楼,175万
北京,顶秀欣园东苑 ,2室1厅,91.24平米,西南,精装,低楼层(共21层),2006年建_塔楼,585万
北京,苹果派 ,3室2厅,112.31平米,南 北,精装,高楼层(共12层),板楼,715万
北京,北辰香麓 ,5室2厅,276.11平米,南 北,精装,底层(共2层),板楼,1650万
北京,文成建筑 ,3室2厅,159.87平米,东南 北,精装,中楼层(共17层),板楼,1170万
北京,天通苑北二区 ,2室2厅,152.08平米,南 北,简装,高楼层(共13层),2004年建_板楼,600万
北京,西四北大街160号 ,3室1厅,71平米,东 西 北,其他,顶层(共16层),1987年建_塔楼,1100万
北京,长阳半岛怡和路6号院 ,3室2厅,162.92平米,南 北,精装,中楼层(共15层),2015年建_板楼,738万
北京,首座御园一期 ,3室1厅,117.9平米,南 北,精装,底层(共7层),板楼,530万
北京,西山公馆 ,3室2厅,131.84平米,东 西,精装,底层(共7层),2012年建_板楼,1096万
北京,亿城天筑 ,3室2厅,128.71平米,南 北,简装,中楼层(共5层),2007年建_板楼,838万
北京,感化胡同3号院 ,2室1厅,63.39平米,南,其他,顶层(共6层),1992年建_板楼,745万
北京,七星园 ,2室1厅,62.43平米,南 北,简装,低楼层(共6层),板楼,349万
北京,首创新悦都一区 ,2室1厅,75.88平米,南 北,精装,中楼层(共18层),板楼,328万
北京,绿茵花园 ,4室1厅,159.2平米,南 北,简装,3层,1995年建_板楼,345万
北京,望京新城 ,1室1厅,73.49平米,南 西南,精装,低楼层(共27层),1998年建_塔楼,525万
北京,新城乐居 ,3室1厅,93.75平米,南 北,精装,28层,板楼,368万
北京,砖角楼南里 ,2室1厅,60.6平米,东南,简装,高楼层(共22层),塔楼,515万
北京,知春里 ,2室1厅,74.1平米,西南,精装,低楼层(共18层),塔楼,740万
北京,爱这城一期 ,2室1厅,98.36平米,东南,精装,高楼层(共18层),塔楼,835万
北京,景王坟 ,2室1厅,68.7平米,东南,简装,低楼层(共18层),1990年建_塔楼,690万
北京,柏林爱乐二期 ,2室1厅,97.87平米,东 西,简装,中楼层(共11层),2004年建_板塔结合,510万
北京,惠泽家园 ,2室1厅,86.99平米,南 北,精装,顶层(共6层),板楼,235万
北京,兴政西里 ,3室2厅,101.99平米,南 北,简装,顶层(共6层),板楼,310万
北京,太阳公元北区 ,4室2厅,219.87平米,南 北,精装,低楼层(共22层),2011年建_板楼,3680万
北京,世纪星城三期 ,3室2厅,145.18平米,南 北,精装,中楼层(共18层),2010年建_板楼,688万
北京,华远和墅 ,3室2厅,133.43平米,南 北,毛坯,7层,板楼,265万
北京,世贸国际公寓 ,3室2厅,258.01平米,南 北,精装,中楼层(共31层),2001年建_板楼,2295万
北京,莱圳家园 ,2室2厅,87.65平米,南 北,简装,高楼层(共13层),板楼,799万
北京,富瑞苑 ,3室2厅,152.55平米,西南,精装,中楼层(共18层),塔楼,1520万
北京,珠江峰景 ,2室2厅,112.16平米,西南,精装,中楼层(共21层),塔楼,688万
北京,冠雅苑 ,3室1厅,91.3平米,南 北 西,精装,低楼层(共6层),1999年建_板楼,335万
北京,倚林佳园 ,4室2厅,177.1平米,南 北,精装,中楼层(共7层),2002年建_板楼,1750万
北京,中海紫御公馆 ,2室2厅,91.22平米,南 西 北,精装,低楼层(共18层),板塔结合,1283万
北京,金泰丽湾悦栖山 ,3室2厅,160.86平米,南 北,简装,20层,板楼,585万
北京,慧谷金色家园 ,3室2厅,130.26平米,南 北,简装,中楼层(共15层),2004年建_板楼,1150万
北京,天露园一区 ,3室2厅,130.99平米,南 北,精装,低楼层(共6层),2008年建_板楼,555万
北京,美利新世界 ,3室2厅,130.32平米,南 北,简装,低楼层(共6层),板楼,616万
北京,K2玉m湾 ,3室2厅,134.72平米,南 北,精装,18层,2015年建_板楼,755万
北京,绿岛苑西区 ,3室1厅,119.12平米,南 北,精装,24层,塔楼,510万
北京,柳林馆 ,3室1厅,82.5平米,南 北,简装,中楼层(共6层),1983年建_板楼,1100万
北京,宣颐家园 ,3室1厅,60.23平米,西,简装,中楼层(共5层),塔楼,292万
北京,广义街10号院 ,3室2厅,133.47平米,南 北,简装,低楼层(共6层),1997年建_板楼,1500万
北京,华辉苑 ,3室2厅,150.74平米,西北,简装,中楼层(共23层),2000年建_塔楼,690万
北京,顺驰蓝调 ,3室2厅,147.85平米,西南,简装,底层(共20层),2008年建_板塔结合,1130万
北京,天通苑北一区 ,3室1厅,148.68平米,南 北,简装,低楼层(共13层),板楼,599万
北京,万泉新新家园 ,5室3厅,270.39平米,南 北,简装,中楼层(共5层),2001年建_板楼,4700万
北京,保利中央公园 ,4室2厅,144.92平米,南 北,精装,中楼层(共25层),板楼,2190万
北京,公园大道 ,3室2厅,168.4平米,东南,精装,低楼层(共31层),2006年建_板塔结合,1690万
北京,政馨园三区 ,3室2厅,128.76平米,东南,简装,中楼层(共22层),2003年建_塔楼,719万
北京,永安东里 ,3室2厅,96.1平米,南 西 北,精装,顶层(共6层),板楼,850万
北京,新华联家园南区 ,3室1厅,137.96平米,南 北,简装,中楼层(共11层),2002年建_板楼,638万
北京,永定路甲19号院 ,3室2厅,110.69平米,南 北,精装,中楼层(共10层),板楼,1069万
北京,远洋沁山水 ,3室1厅,142.15平米,南 北,精装,21层,2009年建_板楼,1390万
北京,荟康苑 ,3室2厅,102.24平米,南 北,精装,高楼层(共7层),1996年建_板楼,435万
北京,天通苑北一区 ,2室2厅,106.14平米,南,简装,底层(共16层),2004年建_板楼,521万
北京,玉阜嘉园 ,3室2厅,143.76平米,南,简装,中楼层(共12层),板楼,1145万
北京,翠成馨园A区 ,3室2厅,122.78平米,北 南,精装,中楼层(共5层),2003年建_板塔结合,580万
重庆,约克郡北区 ,3室1厅,120.43平米,北,毛坯,17层,2020年建_塔楼,248万
重庆,保利国宾上院 ,6室2厅,236.41平米,东南,精装,6层,2008年建_板楼,330万
重庆,约克郡禧悦 ,3室1厅,122.39平米,东,毛坯,中楼层(共33层),塔楼,223万
重庆,世茂茂悦府三期 ,3室1厅,90.59平米,东南,精装,高楼层(共48层),2017年建_塔楼,168万
重庆,鲁能领秀城4街区（北区） ,3室1厅,86.7平米,东南,精装,23层,塔楼,101万
重庆,恒大御龙天峰 ,2室2厅,91.86平米,东北,毛坯,42层,2016年建_板塔结合,155万
重庆,渝开发格莱美城 ,3室2厅,80.81平米,东南,精装,低楼层(共15层),2015年建_塔楼,85万
重庆,保利心语花园 ,2室2厅,88.99平米,南 北,精装,33层,2011年建_板塔结合,108万
重庆,万云府 ,4室2厅,144.19平米,东南,简装,中楼层(共18层),塔楼,190万
重庆,国宾豪庭三期 ,4室2厅,85.38平米,西南,精装,33层,2014年建_塔楼,110万
重庆,东海星洲 ,3室2厅,79.6平米,南,精装,18层,2008年建_塔楼,86万
重庆,U城听蓝时光 ,3室1厅,64.61平米,南,精装,高楼层(共31层),2016年建_板塔结合,90万
重庆,东原星樾 ,3室1厅,82.72平米,南,精装,34层,2018年建_塔楼,142万
重庆,龙湖U城四组团 ,4室1厅,254.35平米,南,精装,低楼层(共8层),2012年建_板楼,280万
重庆,五月花房 ,2室1厅,83.58平米,东,精装,33层,2008年建_塔楼,90万
重庆,金科中央华府 ,3室1厅,82.86平米,东南,毛坯,18层,2018年建_塔楼,92万
重庆,康德国会山 ,3室1厅,100.08平米,西南,毛坯,30层,2010年建_塔楼,118万
重庆,宝嘉花与山 ,3室2厅,69.48平米,东南,精装,高楼层(共27层),2013年建_塔楼,100万
重庆,南滨特区 ,3室1厅,119.91平米,南,毛坯,30层,2017年建_塔楼,199.8万
重庆,龙庆小区 ,5室3厅,316.84平米,南 北,精装,高楼层(共9层),板楼,115万
重庆,曦圆柳镇二期 ,5室3厅,114.51平米,南 北,毛坯,高楼层(共19层),2011年建_板楼,113.5万
重庆,时珍佳苑 ,3室2厅,163.87平米,南 北,精装,21层,塔楼,95万
重庆,公园大道上 ,4室2厅,165.28平米,南,毛坯,低楼层(共22层),2020年建_塔楼,266万
重庆,协信城立方揽院 ,5室2厅,88.67平米,东南,精装,高楼层(共7层),2017年建_塔楼,204万
重庆,融创凡尔赛花园 ,5室2厅,407.1平米,南,毛坯,3层,2016年建_板楼_独栋别墅,550万
重庆,恒美公园1号 ,4室2厅,189.59平米,东,精装,高楼层(共6层),2016年建_板楼,251万
重庆,重庆融创万达文化旅游城长湖郡 ,4室1厅,122.54平米,南,精装,高楼层(共7层),板楼,215万
重庆,江山樾一期 ,4室2厅,124.54平米,北,毛坯,上叠(共4层),板楼_叠拼别墅,269万
重庆,约克郡北区 ,5室2厅,381.87平米,南,毛坯,低楼层(共3层),2018年建_板塔结合,660万
重庆,同景国际城G区 ,6室3厅,217.2平米,东南 南 西北 北,精装,6层,2009年建_板楼,191万
重庆,雍江苑 ,4室1厅,251平米,北,精装,15层,2008年建_塔楼,435万
重庆,翡翠天麓 ,5室2厅,224.95平米,南,毛坯,50层,2020年建_塔楼,365万
重庆,星城汇 ,4室2厅,154.51平米,南 北,精装,中楼层(共18层),2015年建_板楼,330万
重庆,融创凡尔赛花园 ,5室2厅,417.12平米,西南,简装,3层,2016年建_板楼_联排别墅,538万
重庆,庆隆南山高尔夫国际社区 ,4室3厅,292.35平米,南 北,精装,低楼层(共3层),暂无数据,278万
重庆,金城地豪 ,5室2厅,209.57平米,西南,简装,高楼层(共28层),2006年建_塔楼,154.5万
重庆,金科廊桥水乡四组团 ,4室2厅,140.75平米,北,精装,3层,板楼_联排别墅,295万
重庆,万科城 ,5室2厅,157平米,东南,精装,上叠(共4层),2014年建_板楼_叠拼别墅,325万
重庆,翡翠天麓 ,6室4厅,224.95平米,东南,毛坯,50层,2020年建_塔楼,360万
重庆,金科云湖天都 ,5室2厅,163.67平米,东南,精装,32层,2010年建_塔楼,176万
重庆,招商江湾城 ,4室1厅,160.73平米,西南,简装,31层,2012年建_板楼,245万
重庆,万科悦湾南区 ,4室1厅,147.38平米,东南,毛坯,8层,2014年建_板楼,200万
重庆,华宇星云汇星领地 ,3室1厅,67.85平米,东南,精装,高楼层(共30层),2017年建_塔楼,45万
重庆,党校住宅小区 ,4室1厅,139.96平米,东南,简装,24层,板塔结合,169万
重庆,东原嘉阅湾风华著B区 ,3室2厅,104平米,南,精装,高楼层(共31层),塔楼,120万
重庆,渝州新都 ,3室1厅,121.43平米,东南,简装,18层,2007年建_塔楼,202万
重庆,长化家园 ,3室1厅,76.65平米,东南,其他,低楼层(共3层),暂无数据,48万
重庆,西派城 ,4室2厅,216.05平米,东南,精装,45层,2020年建_板楼,398万
重庆,电力小区(沙坪坝) ,5室2厅,150平米,东,简装,低楼层(共9层),1995年建_板楼,128万
重庆,约克郡 ,4室1厅,147.54平米,东南,毛坯,中楼层(共8层),2015年建_板楼,306万
重庆,融创凡尔赛花园 ,4室2厅,278.73平米,南,毛坯,3层,2015年建_塔楼_联排别墅,380万
重庆,天骄公园 ,3室1厅,126.32平米,东北,精装,中楼层(共5层),板楼,220万
重庆,恒大御龙天峰 ,3室2厅,129.87平米,东 南,精装,56层,2020年建_板塔结合,230万
重庆,财信北岸江山东区 ,3室2厅,107.42平米,南,精装,33层,2019年建_塔楼,205万
重庆,联发龙洲湾1号 ,3室1厅,86.95平米,南,毛坯,低楼层(共31层),2019年建_板塔结合,85万
重庆,金科东方雅郡 ,3室1厅,112.29平米,西,精装,低楼层(共32层),2010年建_塔楼,146万
重庆,龙湖U城九组团 ,3室2厅,85.99平米,东,精装,低楼层(共32层),2014年建_塔楼,125万
重庆,国博领馆三期 ,4室2厅,154.55平米,东南,毛坯,47层,塔楼,150万
重庆,融汇半岛香缇卡纳 ,3室1厅,112.81平米,南,毛坯,中楼层(共8层),2009年建_板楼,120万
重庆,巴比亚半山 ,2室2厅,70平米,东南,精装,低楼层(共32层),2015年建_板塔结合,68万
上海,吴中路970弄 ,2室1厅,58.68平米,南,简装,中楼层(共6层),1996年建_板楼,369万
上海,龙泽园 ,3室2厅,126.71平米,南 北,精装,中楼层(共16层),2007年建_板楼,305万
上海,天原二村 ,2室1厅,52.38平米,南,精装,中楼层(共6层),1985年建_板楼,410万
上海,虹桥万博花园 ,2室2厅,115.19平米,南 北,精装,低楼层(共28层),2005年建_板楼,1287万
上海,金丰小区北区（121弄） ,2室1厅,63.58平米,南,简装,高楼层(共6层),1994年建_板楼,336万
上海,世茂滨江花园 ,3室2厅,229.45平米,西南,精装,56层,2006年建_板塔结合,2800万
上海,航华二村嘉丰公寓 ,2室2厅,80.47平米,南,精装,高楼层(共6层),1996年建_板楼,435万
上海,嘉富丽苑 ,3室2厅,116.46平米,南,精装,中楼层(共11层),2003年建_板楼,800万
上海,玉佛城 ,2室2厅,121.78平米,南 北,精装,高楼层(共28层),1995年建_板楼,970万
上海,七韵美地苑 ,1室1厅,55.79平米,南,简装,高楼层(共12层),2011年建_板楼,450万
上海,威宁路291弄 ,3室1厅,103.26平米,南,简装,低楼层(共6层),1997年建_板楼,788万
上海,九歌上郡 ,1室1厅,55.16平米,南,精装,高楼层(共11层),2006年建_板楼,510万
上海,佳信花苑 ,3室2厅,103.87平米,南,精装,高楼层(共6层),1995年建_板楼,635万
上海,汇锦城二期 ,2室2厅,84平米,南,精装,18层,2012年建_板楼,319万
上海,汇秀景苑三街坊 ,2室1厅,77.48平米,南 北,简装,低楼层(共11层),2013年建_板楼,290万
上海,田林新苑 ,2室1厅,79.98平米,南 北,简装,中楼层(共28层),1993年建_塔楼,565万
上海,春港丽园(公寓) ,2室1厅,77.29平米,南,简装,高楼层(共6层),1994年建_板楼,455万
上海,大上海城市花园 ,1室2厅,75.48平米,南,精装,低楼层(共17层),2004年建_板楼,700万
上海,绿地金卫新家园（西区） ,2室2厅,86.89平米,南 北,精装,中楼层(共6层),2007年建_板楼,139万
上海,银春小区 ,3室1厅,78.53平米,南 北,精装,中楼层(共6层),2004年建_板楼,358万
上海,天山星城 ,2室1厅,77.21平米,南,精装,中楼层(共13层),2008年建_板楼,950万
上海,锦绣江南(一期) ,3室2厅,135.14平米,南,精装,中楼层(共11层),2002年建_板楼,1290万
上海,龙柏六村 ,2室1厅,66.5平米,南,精装,中楼层(共6层),1997年建_板楼,475万
上海,名都城(公寓) ,3室2厅,167.03平米,南 北,精装,高楼层(共9层),1998年建_板塔结合,1475万
上海,新城旭辉府 ,3室2厅,88平米,南,精装,低楼层(共7层),2015年建_板楼,200万
上海,和福花苑 ,2室2厅,94.06平米,南,简装,高楼层(共18层),1999年建_塔楼,750万
上海,汇豪天下 ,4室2厅,169.56平米,南,精装,高楼层(共32层),2004年建_板楼,2310万
上海,长宁路1600弄 ,1室1厅,39.42平米,南,精装,低楼层(共7层),1991年建_板楼,284万
上海,锦屏小区 ,2室1厅,45.99平米,南,精装,中楼层(共6层),1984年建_板楼,365万
上海,御景龙庭 ,1室1厅,61.57平米,南,毛坯,中楼层(共18层),2011年建_板楼,117万
上海,保利金爵公寓 ,2室2厅,83.67平米,南 北,简装,低楼层(共11层),2009年建_板楼,598万
上海,天山华庭 ,2室2厅,93.18平米,南,精装,高楼层(共18层),2009年建_板楼,1170万
上海,玉兰苑(川沙) ,3室2厅,132.12平米,南,简装,低楼层(共18层),1999年建_板楼,469万
上海,宜浩佳园北区 ,1室2厅,77.06平米,南,简装,低楼层(共4层),2009年建_板楼,210万
上海,东升家园(三期) ,2室2厅,93.54平米,南 北,毛坯,中楼层(共11层),2006年建_板楼,280万
上海,汇锦城三期 ,3室2厅,90.97平米,南,简装,低楼层(共17层),2013年建_板楼,350万
上海,海逸公寓 ,3室2厅,141.28平米,南,简装,低楼层(共18层),2005年建_板楼,1500万
上海,天山星城 ,2室2厅,88.76平米,南,精装,高楼层(共25层),2012年建_板楼,1184万
上海,汇颂南苑 ,1室1厅,61.23平米,南,简装,低楼层(共11层),2008年建_板楼,230万
上海,城南居委小区 ,2室1厅,48.46平米,南,简装,中楼层(共5层),1985年建_板楼,208万
上海,新明星花园 ,2室2厅,92.57平米,南,精装,高楼层(共11层),2004年建_板楼,660万
上海,河风丽景 ,4室2厅,193.54平米,南,精装,中楼层(共18层),2004年建_板楼,1699万
上海,海上新村 ,1室1厅,44.75平米,南,简装,低楼层(共6层),1996年建_板楼,305万
上海,音乐广场 ,2室2厅,105.78平米,南,精装,18层,2003年建_板楼,1125万
上海,长寿新村(普陀) ,2室0厅,71.55平米,西南,简装,低楼层(共26层),1995年建_塔楼,535万
上海,中芯花园199弄 ,2室1厅,65.9平米,南 北,简装,高楼层(共6层),2005年建_板楼,360万
上海,新联大楼 ,1室0厅,36.07平米,南,精装,低楼层(共17层),1988年建_塔楼,243万
上海,玉兰香苑(四期) ,1室1厅,61.93平米,南,简装,低楼层(共14层),2008年建_板楼,450万
上海,金浦小区(塘桥) ,2室1厅,60.74平米,南 北,精装,高楼层(共6层),1991年建_板楼,490万
上海,贝越流明新苑 ,3室2厅,129.35平米,南,精装,中楼层(共5层),2003年建_板楼,880万
上海,听潮六村 ,2室2厅,91.3平米,南,毛坯,低楼层(共6层),1995年建_板楼,235万
上海,绿地金卫新家园（东区） ,3室2厅,118平米,南,精装,低楼层(共6层),2009年建_板楼,205万
上海,海联花苑 ,2室2厅,83.4平米,南 北,精装,低楼层(共6层),1996年建_板楼,670万
上海,绿波城 ,1室1厅,59平米,南,精装,高楼层(共6层),2006年建_板楼,354万
上海,万馨佳园 ,2室1厅,77.15平米,南 北,简装,低楼层(共6层),2005年建_板楼,425万
上海,中洲华庭 ,3室2厅,117.43平米,南 北,精装,低楼层(共16层),2016年建_板楼,470万
上海,保利金爵公寓 ,2室2厅,88.51平米,南,精装,高楼层(共11层),2009年建_板楼,640万
上海,凤凰大楼 ,2室2厅,110.44平米,西南,精装,高楼层(共25层),1998年建_塔楼,730万
上海,新梅共和城 ,2室2厅,89.98平米,南,简装,中楼层(共14层),2003年建_板楼,971万
上海,康乐小区(徐汇) ,1室1厅,36.22平米,南,简装,低楼层(共4层),1992年建_板楼,328万
天津,香海花@ ,3室3厅,322.06平米,南,精装,低楼层(共3层),板楼,400万
天津,世茂国风锦唐 ,3室2厅,144.7平米,南 北,毛坯,中楼层(共4层),暂无数据,240万
天津,世茂玖熙 ,3室2厅,116.79平米,南 北,精装,中楼层(共18层),板楼,200万
天津,ParkTower景杉 ,3室2厅,124.52平米,南 北,精装,高楼层(共18层),板楼,159万
天津,城市之光月光园 ,3室2厅,143.06平米,南 北,精装,高楼层(共9层),板塔结合,440万
天津,汇海南里 ,2室1厅,97.37平米,南 北,精装,中楼层(共13层),板楼,108万
天津,詹滨里 ,2室1厅,58.64平米,南 北,精装,低楼层(共6层),板楼,86万
天津,联发欣悦学府 ,2室1厅,75.38平米,南 北,简装,低楼层(共11层),板楼,95万
天津,鲲栖府 ,3室2厅,115.7平米,南 北,毛坯,中楼层(共17层),暂无数据,150万
天津,川江里 ,2室1厅,50.45平米,南,简装,高楼层(共6层),板楼,125万
天津,瑞地里 ,3室1厅,91.22平米,南 北,简装,低楼层(共6层),板楼,250万
天津,金色家园 ,2室1厅,103.74平米,南 北,简装,低楼层(共6层),板楼,315万
天津,中建城源和湾 ,3室1厅,102.52平米,南 北,简装,低楼层(共11层),暂无数据,100万
天津,新都花园 ,2室1厅,99.58平米,东 西 北,精装,低楼层(共11层),板楼,429万
天津,香堤苑 ,3室1厅,95.26平米,南 北,精装,中楼层(共9层),板楼,182万
天津,新城小区 ,1室1厅,40.45平米,东,精装,中楼层(共7层),板塔结合,140万
天津,红|领世郡常春藤 ,3室1厅,114.2平米,南 北,精装,高楼层(共10层),板楼,197万
天津,浩天天娇源 ,3室1厅,142.49平米,南 北,精装,高楼层(共10层),板楼,550万
天津,都会轩 ,4室2厅,200.6平米,南,其他,高楼层(共53层),塔楼,1380万
天津,瑞盈园 ,2室1厅,89.02平米,南 北,简装,中楼层(共14层),板楼,136万
天津,远洋新干线 ,3室1厅,89.76平米,南,简装,低楼层(共9层),板楼,155万
天津,富力城天霖园 ,2室1厅,120.77平米,南 北,精装,低楼层(共24层),板楼,571万
天津,盛庭豪景 ,2室1厅,83.47平米,南,精装,中楼层(共23层),板楼,137万
天津,宝鑫景苑 ,2室2厅,94.68平米,南 北,精装,中楼层(共7层),板楼,58万
天津,仁恒海和院文熙花园 ,3室2厅,125.85平米,南 北,毛坯,11层,板塔结合,290万
天津,意境兰庭 ,2室1厅,86.2平米,南,精装,低楼层(共18层),塔楼,170万
天津,贻静园 ,2室1厅,95.13平米,南 北,精装,高楼层(共6层),板楼,98万
天津,环秀西里 ,3室1厅,65.92平米,南 北,简装,中楼层(共6层),板楼,132万
天津,万科水晶城凭澜园 ,3室2厅,140.25平米,南 北,精装,低楼层(共11层),板楼,445万
天津,宝龙南苑 ,3室2厅,112.53平米,南 北,毛坯,低楼层(共18层),板楼,120万
天津,北岸尚城 ,3室2厅,146.3平米,南 北,简装,高楼层(共6层),板楼,158万
天津,天津恒大御景湾 ,3室1厅,104.53平米,南 北,精装,低楼层(共10层),板楼,158万
天津,金科博翠湾 ,3室1厅,120.17平米,南 北,毛坯,27层,塔楼,148万
天津,祺寿里 ,2室1厅,43.7平米,南 北,简装,中楼层(共6层),板楼,235万
天津,假日风景花园 ,3室2厅,156.37平米,南 北,精装,低楼层(共5层),板塔结合,399万
天津,盛庭豪景 ,2室1厅,79.81平米,南 北,毛坯,低楼层(共18层),板楼,129万
天津,荣康园 ,2室1厅,84.06平米,南 西 北,精装,低楼层(共16层),板楼,92万
天津,龙湖天宸原著 ,2室1厅,85.83平米,南 北,精装,12层,板楼,175万
天津,汇贤里 ,2室1厅,85.18平米,南 北,简装,低楼层(共6层),板楼,190万
天津,新馨家园 ,2室1厅,88.24平米,南,其他,低楼层(共27层),板楼,100万
天津,桂江里(河西区) ,1室1厅,46.31平米,西,精装,中楼层(共7层),塔楼,141万
天津,天一绿海 ,2室1厅,76.96平米,南,其他,低楼层(共11层),板楼,100万
天津,招商果岭 ,3室1厅,89.83平米,南 北,精装,中楼层(共18层),板楼,54万
天津,育文里(河西区) ,1室1厅,37.39平米,南,精装,中楼层(共5层),板楼,126万
天津,富力城天越园 ,3室1厅,175.97平米,南 北,其他,高楼层(共28层),板楼,868万
天津,德庆里 ,3室2厅,177.22平米,东 西 南,精装,高楼层(共9层),板楼,528万
天津,正荣润Z湾 ,3室1厅,97.62平米,南 北,毛坯,高楼层(共18层),板楼,172万
天津,迎水西里 ,2室1厅,58.99平米,南 北,精装,中楼层(共6层),板楼,146万
天津,仁恒海河广场 ,3室2厅,160.49平米,南,精装,低楼层(共33层),板塔结合,710万
天津,宝翠花都听景园 ,3室1厅,117.03平米,南 北,精装,中楼层(共11层),板楼,215万
天津,贤达里 ,2室1厅,59.74平米,南 北,精装,高楼层(共6层),板楼,159万
天津,名都公寓 ,1室1厅,63.55平米,南 北,其他,中楼层(共6层),板楼,149万
天津,天津碧桂园 ,3室1厅,105.86平米,南,精装,中楼层(共28层),板塔结合,88万
天津,湘潭东里 ,3室2厅,114.16平米,东 西,简装,6层,板楼,170万
天津,慕贤里 ,2室1厅,63.14平米,南,简装,低楼层(共6层),板楼,82万
天津,景福里 ,1室1厅,27.35平米,东,简装,中楼层(共7层),板楼,159万
天津,绮云里 ,2室1厅,55.63平米,南 北,简装,中楼层(共7层),板楼,208万
天津,新会里 ,2室1厅,59.29平米,南 北,精装,中楼层(共8层),板楼,288万
天津,鸿坤原乡郡 ,3室2厅,129.04平米,南 北,毛坯,中楼层(共24层),板楼,139万
天津,汉江里 ,1室1厅,34.92平米,东北,精装,低楼层(共6层),板楼,122万
